545.0,690.0,-51.65587761168038
545.0,700.0,-50.46573063594515
545.0,710.0,-49.622580385694214
545.0,720.0,-49.14722380166368
545.0,730.0,-49.00402552133219
545.0,740.0,-49.11604506404991
545.0,750.0,-49.392317779931304
545.0,760.0,-49.750583349421056
545.0,770.0,-50.12979683842566
545.0,780.0,-50.49475654273947
545.0,790.0,-50.8362567440766
545.0,800.0,-51.16853162852824
545.0,810.0,-51.523921186753995
545.0,820.0,-51.9435411938139
545.0,830.0,-52.46362369179195
545.0,840.0,-53.101562831773734
545.0,850.0,-53.849927751685144
545.0,860.0,-54.68237656707579
545.0,870.0,-55.565648466243886
545.0,880.0,-56.46960136495629
545.0,890.0,-57.37231405509209
545.0,900.0,-58.26120627267136
545.0,910.0,-59.13190807793909
545.0,920.0,-59.986099561666464
545.0,930.0,-60.828977149542666
545.0,940.0,-61.666704815217834
545.0,950.0,-62.50421995130742
555.0,690.0,-50.76471383552794
555.0,700.0,-49.46004630601444
555.0,710.0,-48.56632697653578
555.0,720.0,-48.11545006562905
555.0,730.0,-48.052607701691244
555.0,740.0,-48.266600872466036
555.0,750.0,-48.636793282365915
555.0,760.0,-49.06260684227862
555.0,770.0,-49.47439080974834
555.0,780.0,-49.83502296675471
555.0,790.0,-50.13826990246384
555.0,800.0,-50.40599060673166
555.0,810.0,-50.68351853675068
555.0,820.0,-51.030067083087715
555.0,830.0,-51.500134135746876
555.0,840.0,-52.11952048346062
555.0,850.0,-52.87438884849232
555.0,860.0,-53.72440468833382
555.0,870.0,-54.62431298585261
555.0,880.0,-55.53757867307989
555.0,890.0,-56.44081869516012
555.0,900.0,-57.3232263985459
555.0,910.0,-58.18400084878412
555.0,920.0,-59.02917231696304
555.0,930.0,-59.868332925524044
555.0,940.0,-60.71138807578031
555.0,950.0,-61.565598630331486
565.0,690.0,-50.32920188966092
565.0,700.0,-48.91177823553921
565.0,710.0,-47.973828464729834
565.0,720.0,-47.56835169144235
565.0,730.0,-47.6078837354724
565.0,740.0,-47.93312361468443
565.0,750.0,-48.39262748487883
565.0,760.0,-48.87215354642356
565.0,770.0,-49.29794740774692
565.0,780.0,-49.63344311355756
565.0,790.0,-49.87568136120461
565.0,800.0,-50.05281112436965
565.0,810.0,-50.22178433027307
565.0,820.0,-50.46198852786405
565.0,830.0,-50.853799759585335
565.0,840.0,-51.435679456254654
565.0,850.0,-52.18044388225215
565.0,860.0,-53.026338336898874
565.0,870.0,-53.91484887738602
565.0,880.0,-54.80510797404809
565.0,890.0,-55.67484662752608
565.0,900.0,-56.51718236554721
565.0,910.0,-57.33649936708434
565.0,920.0,-58.14436437157836
565.0,930.0,-58.95569821260172
565.0,940.0,-59.78496405056646
565.0,950.0,-60.642062183515506
575.0,690.0,-50.518951635207586
575.0,700.0,-49.00741538980303
575.0,710.0,-48.034283104368455
575.0,720.0,-47.69523441663861
575.0,730.0,-47.84312830749805
575.0,740.0,-48.261941155096096
575.0,750.0,-48.78044587790208
575.0,760.0,-49.28086288839495
575.0,770.0,-49.69105598811652
575.0,780.0,-49.97720688555799
575.0,790.0,-50.13906818654031
575.0,800.0,-50.20794519194676
575.0,810.0,-50.246942228882716
575.0,820.0,-50.351308235928904
575.0,830.0,-50.63508468806765
575.0,840.0,-51.158614497167235
575.0,850.0,-51.86750016023955
575.0,860.0,-52.672477511331564
575.0,870.0,-53.50589294515366
575.0,880.0,-54.3271593354034
575.0,890.0,-55.11820659597707
575.0,900.0,-55.87802521653289
575.0,910.0,-56.61747120665121
575.0,920.0,-57.35449444763615
575.0,930.0,-58.10986896251027
575.0,940.0,-58.90324899425137
575.0,950.0,-59.74758045717387
585.0,690.0,-51.50844606239859
585.0,700.0,-49.97410770036155
585.0,710.0,-48.988822178316084
585.0,720.0,-48.71790694303779
585.0,730.0,-48.92783470655736
585.0,740.0,-49.375204279685704
585.0,750.0,-49.889585879055616
585.0,760.0,-50.35817662344505
585.0,770.0,-50.713652264268575
585.0,780.0,-50.9255831432326
585.0,790.0,-50.9953810099495
585.0,800.0,-50.95456290861928
585.0,810.0,-50.866028059958
585.0,820.0,-50.828017652810104
585.0,830.0,-50.9792535107687
585.0,840.0,-51.415795556797434
585.0,850.0,-52.03862261381563
585.0,860.0,-52.741881326403316
585.0,870.0,-53.45819362291512
585.0,880.0,-54.15117744567647
585.0,890.0,-54.80859694410167
585.0,900.0,-55.43620210831887
585.0,910.0,-56.05202538964845
585.0,920.0,-56.68100905035902
585.0,930.0,-57.35003807280666
585.0,940.0,-58.083692922021754
585.0,950.0,-58.89806442026316
595.0,690.0,-53.389717555251124
595.0,700.0,-51.98249049312685
595.0,710.0,-51.07560506900981
595.0,720.0,-50.789489370489704
595.0,730.0,-50.945754129349226
595.0,740.0,-51.3185066946575
595.0,750.0,-51.7449131600758
595.0,760.0,-52.11853527008454
595.0,770.0,-52.37684865811049
595.0,780.0,-52.49214381523679
595.0,790.0,-52.4663924811308
595.0,800.0,-52.32982032590186
595.0,810.0,-52.14272005957413
595.0,820.0,-51.999727611586366
595.0,830.0,-52.029641115768186
595.0,840.0,-52.31112140730518
595.0,850.0,-52.76291395908994
595.0,860.0,-53.28413410749003
595.0,870.0,-53.8101567722899
595.0,880.0,-54.30860864334754
595.0,890.0,-54.77266382603479
595.0,900.0,-55.214719647794965
595.0,910.0,-55.66031736420284
595.0,920.0,-56.14208424199147
595.0,930.0,-56.69371152632004
595.0,940.0,-57.34405796755068
595.0,950.0,-58.10996497282438
605.0,690.0,-56.070694868939164
605.0,700.0,-54.89907338111823
605.0,710.0,-54.11708267358555
605.0,720.0,-53.78641000338398
605.0,730.0,-53.808680945858924
605.0,740.0,-54.020863184490196
605.0,750.0,-54.28519431495094
605.0,760.0,-54.50760371678133
605.0,770.0,-54.632201320936545
605.0,780.0,-54.63388109813787
605.0,790.0,-54.51388742762114
605.0,800.0,-54.29879271004049
605.0,810.0,-54.04187413541972
605.0,820.0,-53.82316761728108
605.0,830.0,-53.73344281002946
605.0,840.0,-53.81651872813528
605.0,850.0,-54.02968912164002
605.0,860.0,-54.298738120660715
605.0,870.0,-54.5678775028575
605.0,880.0,-54.80998939041479
605.0,890.0,-55.02377934360316
605.0,900.0,-55.22841544323862
605.0,910.0,-55.45749200553881
605.0,920.0,-55.75230929566021
605.0,930.0,-56.15435883374202
605.0,940.0,-56.69723894124182
605.0,950.0,-57.398934827431006
615.0,690.0,-59.32257126342549
615.0,700.0,-58.42382653738997
615.0,710.0,-57.77926557857191
615.0,720.0,-57.41970732727505
615.0,730.0,-57.29493194165719
615.0,740.0,-57.30907450793578
615.0,750.0,-57.36889110033742
615.0,760.0,-57.40490399286284
615.0,770.0,-57.373352887932086
615.0,780.0,-57.25299178479844
615.0,790.0,-57.04272236749539
615.0,800.0,-56.761149353968605
615.0,810.0,-56.44661376917108
615.0,820.0,-56.15317379785545
615.0,830.0,-55.93403999113289
615.0,840.0,-55.81148982088962
615.0,850.0,-55.76235703922486
615.0,860.0,-55.74071431232754
615.0,870.0,-55.70798622985122
615.0,880.0,-55.64701959305356
615.0,890.0,-55.56416318002458
615.0,900.0,-55.48648253408611
615.0,910.0,-55.45679906117103
615.0,920.0,-55.52678582488967
615.0,930.0,-55.74788973609018
615.0,940.0,-56.160748676919425
615.0,950.0,-56.785617456423246
625.0,690.0,-62.884363902379235
625.0,700.0,-62.27062359986417
625.0,710.0,-61.771948250083554
625.0,720.0,-61.40122034010381
625.0,730.0,-61.14160077681471
625.0,740.0,-60.95532941473104
625.0,750.0,-60.80020496597809
625.0,760.0,-60.640137099487355
625.0,770.0,-60.44871175251444
625.0,780.0,-60.20991163373081
625.0,790.0,-59.918614503469456
625.0,800.0,-59.58130334668918
625.0,810.0,-59.215811150319205
625.0,820.0,-58.8474510747064
625.0,830.0,-58.49888810254485
625.0,840.0,-58.17679375049403
625.0,850.0,-57.867020226033844
625.0,860.0,-57.54479002077847
625.0,870.0,-57.19047460967274
625.0,880.0,-56.80031760929887
625.0,890.0,-56.390607594054345
625.0,900.0,-55.99768447904758
625.0,910.0,-55.67505897532748
625.0,920.0,-55.48722811205249
625.0,930.0,-55.4992574754791
625.0,940.0,-55.7626889164349
625.0,950.0,-56.30180475599316
635.0,690.0,-66.50078661593184
635.0,700.0,-66.17729093649542
635.0,710.0,-65.83125389162838
635.0,720.0,-65.46277058624044
635.0,730.0,-65.08473025397025
635.0,740.0,-64.7127925126209
635.0,750.0,-64.35600508631953
635.0,760.0,-64.0140220820471
635.0,770.0,-63.67929493135005
635.0,780.0,-63.34091343071235
635.0,790.0,-62.988161574442934
635.0,800.0,-62.61294634186825
635.0,810.0,-62.210589591812735
635.0,820.0,-61.77861055654378
635.0,830.0,-61.31381941840881
635.0,840.0,-60.809578718796175
635.0,850.0,-60.25598617967742
635.0,860.0,-59.643939805633394
635.0,870.0,-58.97119116818759
635.0,880.0,-58.24797240549035
635.0,890.0,-57.50112660194756
635.0,900.0,-56.776501215621174
635.0,910.0,-56.13896668549447
635.0,920.0,-55.66827356747834
635.0,930.0,-55.44803675280146
635.0,940.0,-55.54665466319996
635.0,950.0,-55.99551943097403
645.0,690.0,-69.9212888196783
645.0,700.0,-69.89084927023373
645.0,710.0,-69.70251065755635
645.0,720.0,-69.34421843588632
645.0,730.0,-68.86317290408275
645.0,740.0,-68.33056664772266
645.0,750.0,-67.80463459153155
645.0,760.0,-67.31724405006524
645.0,770.0,-66.87664427975231
645.0,780.0,-66.47485691213049
645.0,790.0,-66.09419066462243
645.0,800.0,-65.71137958310345
645.0,810.0,-65.29965697263745
645.0,820.0,-64.83034112027588
645.0,830.0,-64.27640072727664
645.0,840.0,-63.618619823065934
645.0,850.0,-62.850091818940165
645.0,860.0,-61.97537443935135
645.0,870.0,-61.007954278421565
645.0,880.0,-59.970729626152675
645.0,890.0,-58.899595065489926
645.0,900.0,-57.84808300365825
645.0,910.0,-56.89099777102447
645.0,920.0,-56.12417386701205
645.0,930.0,-55.655101334468725
645.0,940.0,-55.57801080214362
645.0,950.0,-55.93699345466777
655.0,690.0,-72.889841398689
655.0,700.0,-73.15143698911136
655.0,710.0,-73.12393065417496
655.0,720.0,-72.7791668160202
655.0,730.0,-72.21351074452991
655.0,740.0,-71.56021350397907
655.0,750.0,-70.91993755691686
655.0,760.0,-70.3472517857194
655.0,770.0,-69.85936855495423
655.0,780.0,-69.44773695366166
655.0,790.0,-69.08685927039548
655.0,800.0,-68.73948747787755
655.0,810.0,-68.35916652802464
655.0,820.0,-67.89295031427564
655.0,830.0,-67.28979444558681
655.0,840.0,-66.51742892112311
655.0,850.0,-65.57378399941166
655.0,860.0,-64.47866448990791
655.0,870.0,-63.26043319445254
655.0,880.0,-61.95228388756898
655.0,890.0,-60.59614480673751
655.0,900.0,-59.24953915091321
655.0,910.0,-57.99293444626353
655.0,920.0,-56.93516557474959
655.0,930.0,-56.21051055569684
655.0,940.0,-55.95161269670133
655.0,950.0,-56.22593182653691
665.0,690.0,-75.13766929617418
665.0,700.0,-75.6762491754704
665.0,710.0,-75.81017376745203
665.0,720.0,-75.48306817598801
665.0,730.0,-74.87102035026498
665.0,740.0,-74.16764857117049
665.0,750.0,-73.4981953720151
665.0,760.0,-72.9259404698207
665.0,770.0,-72.46929205154144
665.0,780.0,-72.11606523833707
665.0,790.0,-71.83322484305688
665.0,800.0,-71.57237644208607
665.0,810.0,-71.2720165902894
665.0,820.0,-70.85890856803162
665.0,830.0,-70.25658346053545
665.0,840.0,-69.41695220351282
665.0,850.0,-68.34867185932362
665.0,860.0,-67.0912386596727
665.0,870.0,-65.68655481191436
665.0,880.0,-64.17511995565084
665.0,890.0,-62.60179095361935
665.0,900.0,-61.02418988785121
665.0,910.0,-59.52249390871242
665.0,920.0,-58.21009659368805
665.0,930.0,-57.241948889943366
665.0,940.0,-56.80111194673404
665.0,950.0,-56.99987501750484
675.0,690.0,-76.40118089674131
675.0,700.0,-77.14828255773418
675.0,710.0,-77.43532698200171
675.0,720.0,-77.1603916230913
675.0,730.0,-76.59780054168718
675.0,740.0,-75.96323780520989
675.0,750.0,-75.38349887896068
675.0,760.0,-74.91991881353654
675.0,770.0,-74.58763009748462
675.0,780.0,-74.3698653139774
675.0,790.0,-74.22748068074193
675.0,800.0,-74.10441379410013
675.0,810.0,-73.9299674799513
675.0,820.0,-73.61884501508248
675.0,830.0,-73.07214836823032
675.0,840.0,-72.2188458187097
675.0,850.0,-71.0899843472761
675.0,860.0,-69.74620159236835
675.0,870.0,-68.23889171808617
675.0,880.0,-66.61359099295507
675.0,890.0,-64.9169479825145
675.0,900.0,-63.205150672869124
675.0,910.0,-61.55424832218205
675.0,920.0,-60.07293270647504
675.0,930.0,-58.918066093820656
675.0,940.0,-58.31008383528136
675.0,950.0,-58.440245737723274
685.0,690.0,-76.52299571612448
685.0,700.0,-77.31309313442229
685.0,710.0,-77.7018927358507
685.0,720.0,-77.61427617570125
685.0,730.0,-77.26335173664005
685.0,740.0,-76.851028743138
685.0,750.0,-76.49769644944764
685.0,760.0,-76.25987698860334
685.0,770.0,-76.14878954163365
685.0,780.0,-76.14393224432564
685.0,790.0,-76.20192168398316
685.0,800.0,-76.26165745787027
685.0,810.0,-76.24694445176048
685.0,820.0,-76.0674128311119
685.0,830.0,-75.61832925675378
685.0,840.0,-74.81928800471714
685.0,850.0,-73.71549727422072
685.0,860.0,-72.37737292244469
685.0,870.0,-70.86390191719964
685.0,880.0,-69.22686147540914
685.0,890.0,-67.51654068490353
685.0,900.0,-65.78931885461793
685.0,910.0,-64.11775428122324
685.0,920.0,-62.60392842697256
685.0,930.0,-61.39654236131911
685.0,940.0,-60.70881509020933
685.0,950.0,-60.72839896389404
695.0,690.0,-75.58565665997996
695.0,700.0,-76.30549950972272
695.0,710.0,-76.77024245803045
695.0,720.0,-76.93936670212685
695.0,730.0,-76.92360946677891
695.0,740.0,-76.86448585100085
695.0,750.0,-76.85839644778868
695.0,760.0,-76.95070373438534
695.0,770.0,-77.14701294469555
695.0,780.0,-77.42363504968797
695.0,790.0,-77.73454855990158
695.0,800.0,-78.01557360996597
695.0,810.0,-78.18715896597155
695.0,820.0,-78.1577146382785
695.0,830.0,-77.83402885219593
695.0,840.0,-77.16252781560755
695.0,850.0,-76.17173780705706
695.0,860.0,-74.92957239922697
695.0,870.0,-73.50359084610953
695.0,880.0,-71.9544180625171
695.0,890.0,-70.33856311164121
695.0,900.0,-68.71466221995753
695.0,910.0,-67.15260577433375
695.0,920.0,-65.74570734319214
695.0,930.0,-64.62360141518205
695.0,940.0,-63.94654746286784
695.0,950.0,-63.81528739978501
705.0,690.0,-73.84398261566832
705.0,700.0,-74.45805321959746
705.0,710.0,-74.99091479824943
705.0,720.0,-75.41895355900478
705.0,730.0,-75.78348122366323
705.0,740.0,-76.1504710150501
705.0,750.0,-76.57053825440649
705.0,760.0,-77.06601775531898
705.0,770.0,-77.6322521479537
705.0,780.0,-78.241626819334
705.0,790.0,-78.84676009042713
705.0,800.0,-79.38281471908888
705.0,810.0,-79.7705444638399
705.0,820.0,-79.92358035783654
705.0,830.0,-79.76620108171045
705.0,840.0,-79.26378758006024
705.0,850.0,-78.44074849816862
705.0,860.0,-77.36041747607419
705.0,870.0,-76.09577296721106
705.0,880.0,-74.71571975670795
705.0,890.0,-73.28317989340233
705.0,900.0,-71.85858132645025
705.0,910.0,-70.50596471052836
705.0,920.0,-69.30016278630671
705.0,930.0,-68.330678371332
705.0,940.0,-67.6881486469853
705.0,950.0,-67.41812891222236
715.0,690.0,-71.59031416968936
715.0,700.0,-72.08404128970541
715.0,710.0,-72.67716046202996
715.0,720.0,-73.35489283179257
715.0,730.0,-74.10451460175364
715.0,740.0,-74.9199418683378
715.0,750.0,-75.79770151838504
715.0,760.0,-76.72943293983298
715.0,770.0,-77.69626282946929
715.0,780.0,-78.66570745724862
715.0,790.0,-79.59016342812299
715.0,800.0,-80.40669485673624
715.0,810.0,-81.03944195431531
715.0,820.0,-81.40841718188422
715.0,830.0,-81.4494038688014
715.0,840.0,-81.14025779166305
715.0,850.0,-80.5114473731887
715.0,860.0,-79.62940668798521
715.0,870.0,-78.57209079802682
715.0,880.0,-77.41432426187919
715.0,890.0,-76.22317677171255
715.0,900.0,-75.05825680751185
715.0,910.0,-73.97325322837519
715.0,920.0,-73.0164224343352
715.0,930.0,-72.22816348083032
715.0,940.0,-71.63505924532753
715.0,950.0,-71.24392091747434
725.0,690.0,-69.11398386255705
725.0,700.0,-69.47686366313903
725.0,710.0,-70.12132539596548
725.0,720.0,-71.03763639944093
725.0,730.0,-72.15759369707999
725.0,740.0,-73.4066663752846
725.0,750.0,-74.73046675150684
725.0,760.0,-76.09069306252698
725.0,770.0,-77.45387869159823
725.0,780.0,-78.78253085722255
725.0,790.0,-80.02966001640488
725.0,800.0,-81.13607673734188
725.0,810.0,-82.03079893977473
725.0,820.0,-82.6375085147246
725.0,830.0,-82.89431550233394
725.0,840.0,-82.78681983994223
725.0,850.0,-82.35932493851654
725.0,860.0,-81.68869661438538
725.0,870.0,-80.8583609902795
725.0,880.0,-79.94628788242986
725.0,890.0,-79.02057286552106
725.0,900.0,-78.13742608314318
725.0,910.0,-77.33842310764835
725.0,920.0,-76.6449372868931
725.0,930.0,-76.05045092020224
725.0,940.0,-75.52122312297784
725.0,950.0,-75.02611866204688
735.0,690.0,-66.70390275616802
735.0,700.0,-66.92937469400093
735.0,710.0,-67.61537550945671
735.0,720.0,-68.75523245412364
735.0,730.0,-70.20926492451318
735.0,740.0,-71.84168122012024
735.0,750.0,-73.5599581020247
735.0,760.0,-75.30292249879844
735.0,770.0,-77.02468349335888
735.0,780.0,-78.6827766225944
735.0,790.0,-80.23061216818519
735.0,800.0,-81.61319361103703
735.0,810.0,-82.76543857558337
735.0,820.0,-83.61357404416866
735.0,830.0,-84.08805031840583
735.0,840.0,-84.17629606927059
735.0,850.0,-83.94525856445274
735.0,860.0,-83.48462034047081
735.0,870.0,-82.88094290298406
735.0,880.0,-82.21217908220251
735.0,890.0,-81.54465381734627
735.0,900.0,-80.92966678066018
735.0,910.0,-80.39802557102472
735.0,920.0,-79.95080787910285
735.0,930.0,-79.54628333956254
735.0,940.0,-79.09382979305458
735.0,950.0,-78.5107704371228
745.0,690.0,-64.64867368072342
745.0,700.0,-64.7533753047242
745.0,710.0,-65.47050594510466
745.0,720.0,-66.79531404393713
745.0,730.0,-68.50497572152315
745.0,740.0,-70.42926620732744
745.0,750.0,-72.45436793266175
745.0,760.0,-74.50298524189469
745.0,770.0,-76.51809859200615
745.0,780.0,-78.45108910278535
745.0,790.0,-80.25375146010899
745.0,800.0,-81.8733718007773
745.0,810.0,-83.25006261090907
745.0,820.0,-84.31553128852788
745.0,830.0,-84.99324771433311
745.0,840.0,-85.26653966938684
745.0,850.0,-85.22694998164621
745.0,860.0,-84.96893519323284
745.0,870.0,-84.5783640235916
745.0,880.0,-84.13097977528373
745.0,890.0,-83.68954050128748
745.0,900.0,-83.29951880223908
745.0,910.0,-82.98254577597666
745.0,920.0,-82.72654018886554
745.0,930.0,-82.47189744915588
745.0,940.0,-82.09460101945263
745.0,950.0,-81.44278241042825
755.0,690.0,-63.17963833877063
755.0,700.0,-63.25698424688936
755.0,710.0,-63.9944843518245
755.0,720.0,-65.38861926731035
755.0,730.0,-67.22283514383687
755.0,740.0,-69.31533726133266
755.0,750.0,-71.53707914042836
755.0,760.0,-73.79600166492905
755.0,770.0,-76.02296835374004
755.0,780.0,-78.16083777246553
755.0,790.0,-80.15660755769633
755.0,800.0,-81.95617945631673
755.0,810.0,-83.50116970724103
755.0,820.0,-84.72754845035277
755.0,830.0,-85.57318249886875
755.0,840.0,-86.0326288520058
755.0,850.0,-86.18250120388409
755.0,860.0,-86.11478353970872
755.0,870.0,-85.91373628544055
755.0,880.0,-85.65233619506482
755.0,890.0,-85.38893510541551
755.0,900.0,-85.16246267843847
755.0,910.0,-84.98560627376568
755.0,920.0,-84.83545134325662
755.0,930.0,-84.64160842728973
755.0,940.0,-84.27570590163019
755.0,950.0,-83.60808730997839
765.0,690.0,-62.34267544264966
765.0,700.0,-62.46781987509905
765.0,710.0,-63.21476103370195
765.0,720.0,-64.58079195395271
765.0,730.0,-66.41928052431109
765.0,740.0,-68.56240439289337
765.0,750.0,-70.87319690803119
765.0,760.0,-73.24687977174
765.0,770.0,-75.60199025842073
765.0,780.0,-77.87134886161577
765.0,790.0,-79.99486298699307
765.0,800.0,-81.91455722566826
765.0,810.0,-83.57211561268517
765.0,820.0,-84.91077455139613
765.0,830.0,-85.8889147903111
765.0,840.0,-86.50960381920302
765.0,850.0,-86.82896399890599
765.0,860.0,-86.92653438639856
765.0,870.0,-86.88137287760233
765.0,880.0,-86.76242287071433
765.0,890.0,-86.62309759406963
765.0,900.0,-86.49588899071223
765.0,910.0,-86.38587825988407
765.0,920.0,-86.26324038116971
765.0,930.0,-86.0574151842854
765.0,940.0,-85.66628579339428
765.0,950.0,-85.01714082746574
775.0,690.0,-62.02661627651383
775.0,700.0,-62.20278238555584
775.0,710.0,-62.94815550907268
775.0,720.0,-64.26059477848563
775.0,730.0,-66.04234456367426
775.0,740.0,-68.15680846092967
775.0,750.0,-70.47329529771221
775.0,760.0,-72.88155395984073
775.0,770.0,-75.29103156703266
775.0,780.0,-77.62557330797978
775.0,790.0,-79.81795149017543
775.0,800.0,-81.80606862259135
775.0,810.0,-83.5321631785519
775.0,820.0,-84.94703644344605
775.0,830.0,-86.02162955555474
775.0,840.0,-86.7618192156729
775.0,850.0,-87.21090109340113
775.0,860.0,-87.43465251401499
775.0,870.0,-87.50350742733538
775.0,880.0,-87.48061453463555
775.0,890.0,-87.41425964865789
775.0,900.0,-87.33194967648082
775.0,910.0,-87.23506552928771
775.0,920.0,-87.09488397506817
775.0,930.0,-86.8541453211003
775.0,940.0,-86.44410579159532
775.0,950.0,-85.82458712566637
785.0,690.0,-62.10023973160084
785.0,700.0,-62.31137617799544
785.0,710.0,-63.04407465542497
785.0,720.0,-64.29661377527079
785.0,730.0,-65.99940734836827
785.0,740.0,-68.0436103802623
785.0,750.0,-70.31205544939098
785.0,760.0,-72.6965075613795
785.0,770.0,-75.10261730999716
785.0,780.0,-77.44855490008865
785.0,790.0,-79.66181954936565
785.0,800.0,-81.67701452807516
785.0,810.0,-83.43650503523105
785.0,820.0,-84.89527984308401
785.0,830.0,-86.02963527562734
785.0,840.0,-86.84524479543651
785.0,850.0,-87.37740579154791
785.0,860.0,-87.68151896842954
785.0,870.0,-87.81963133833762
785.0,880.0,-87.84881427713466
785.0,890.0,-87.81284235529536
785.0,900.0,-87.73645101693752
785.0,910.0,-87.62165244163756
785.0,920.0,-87.44699749232362
785.0,930.0,-87.1727791744972
785.0,940.0,-86.7562015649166
785.0,950.0,-86.17488735450516
795.0,690.0,-62.46279542695273
795.0,700.0,-62.6886091639961
795.0,710.0,-63.39732301797971
795.0,720.0,-64.5875017218862
795.0,730.0,-66.20509000001212
795.0,740.0,-68.16040752297977
795.0,750.0,-70.34981749921266
795.0,760.0,-72.67135903771491
795.0,770.0,-75.03183862074971
795.0,780.0,-77.34789192170459
795.0,790.0,-79.54452109260622
795.0,800.0,-81.55406383046974
795.0,810.0,-83.31774959794024
795.0,820.0,-84.79081907997818
795.0,830.0,-85.9499806550385
795.0,840.0,-86.79917230930057
795.0,850.0,-87.3689646948807
795.0,860.0,-87.7086037068267
795.0,870.0,-87.87432787204679
795.0,880.0,-87.91845336422222
795.0,890.0,-87.88144604088549
795.0,900.0,-87.78714966149887
795.0,910.0,-87.6408594618269
795.0,920.0,-87.43057340029888
795.0,930.0,-87.13259948087935
795.0,940.0,-86.72229082594563
795.0,950.0,-86.18735375682147
805.0,690.0,-63.049706943506195
805.0,700.0,-63.26901926373965
805.0,710.0,-63.942084294797446
805.0,720.0,-65.06750715326952
805.0,730.0,-66.59854266838748
805.0,740.0,-68.45650991354758
805.0,750.0,-70.54826862143533
805.0,760.0,-72.77970562040261
805.0,770.0,-75.06257029742915
805.0,780.0,-77.31602221947627
805.0,790.0,-79.46564003996465
805.0,800.0,-81.442659450806
805.0,810.0,-83.18578348960213
805.0,820.0,-84.64686665631204
805.0,830.0,-85.79931358356758
805.0,840.0,-86.6446179335006
805.0,850.0,-87.21167605857562
805.0,860.0,-87.54801785592876
805.0,870.0,-87.70749358662002
805.0,880.0,-87.73954980469857
805.0,890.0,-87.68234217868253
805.0,900.0,-87.55958432868135
805.0,910.0,-87.38039218430475
805.0,920.0,-87.14163792180581
805.0,930.0,-86.83257417476182
805.0,940.0,-86.44121404652913
805.0,950.0,-85.96108031226909
815.0,690.0,-63.83076686269544
815.0,700.0,-64.02239159695276
815.0,710.0,-64.64766215757139
815.0,720.0,-65.704661449009
815.0,730.0,-67.14726711246637
815.0,740.0,-68.90070179995193
815.0,750.0,-70.8789318614829
815.0,760.0,-72.99630255446863
815.0,770.0,-75.17255163383783
815.0,780.0,-77.33318499141266
815.0,790.0,-79.40764842644423
815.0,800.0,-81.32769573075046
815.0,810.0,-83.02849813654186
815.0,820.0,-84.45497502031864
815.0,830.0,-85.57351227285757
815.0,840.0,-86.3828353772484
815.0,850.0,-86.91390487942144
815.0,860.0,-87.2173886549858
815.0,870.0,-87.34804451752103
815.0,880.0,-87.35374519213224
815.0,890.0,-87.2703383985927
815.0,900.0,-87.12074067206763
815.0,910.0,-86.91669833890538
815.0,920.0,-86.66204435553489
815.0,930.0,-86.3562060252058
815.0,940.0,-85.99667253170591
815.0,950.0,-85.5804168635288
825.0,690.0,-64.8082116643331
825.0,700.0,-64.95138313863512
825.0,710.0,-65.51620524975975
825.0,720.0,-66.49897240332652
825.0,730.0,-67.84689840605418
825.0,740.0,-69.48302715425774
825.0,750.0,-71.32635914243944
825.0,760.0,-73.30080124727762
825.0,770.0,-75.33697300408276
825.0,780.0,-77.37036678345649
825.0,790.0,-79.33788038374668
825.0,800.0,-81.17438188728357
825.0,810.0,-82.81167830844363
825.0,820.0,-84.1842028896071
825.0,830.0,-85.24619211686047
825.0,840.0,-85.99323800420338
825.0,850.0,-86.46386581826235
825.0,860.0,-86.71723769209133
825.0,870.0,-86.81109376496335
825.0,880.0,-86.79141043768345
825.0,890.0,-86.6903022438334
825.0,900.0,-86.52790803820153
825.0,910.0,-86.31617743279253
825.0,920.0,-86.06327943679815
825.0,930.0,-85.77674701728907
825.0,940.0,-85.46251568931751
825.0,950.0,-85.12003379741273
835.0,690.0,-66.01566057228787
835.0,700.0,-66.09091866007375
835.0,710.0,-66.58224350305369
835.0,720.0,-67.4812888467943
835.0,730.0,-68.71903907137009
835.0,740.0,-70.21281362295018
835.0,750.0,-71.88752433938508
835.0,760.0,-73.67886945740725
835.0,770.0,-75.53105757811124
835.0,780.0,-77.39267378970625
835.0,790.0,-79.21161460611451
835.0,800.0,-80.92968727669783
835.0,810.0,-82.47817114647405
835.0,820.0,-83.77903327999906
835.0,830.0,-84.7661699079087
835.0,840.0,-85.43101873215514
835.0,850.0,-85.82872437721532
835.0,860.0,-86.03142682335948
835.0,870.0,-86.09877082480118
835.0,880.0,-86.07229360989548
835.0,890.0,-85.97781340821972
835.0,900.0,-85.83003685969044
835.0,910.0,-85.63803585918703
835.0,920.0,-85.41096994038935
835.0,930.0,-85.16239522203924
835.0,940.0,-84.90774181454636
835.0,950.0,-84.64952076356828
845.0,690.0,-67.51650215540876
845.0,700.0,-67.50921207404036
845.0,710.0,-67.91359869586064
845.0,720.0,-68.71028948385928
845.0,730.0,-69.80458139780794
845.0,740.0,-71.11208178438174
845.0,750.0,-72.56772776079274
845.0,760.0,-74.12136433186377
845.0,770.0,-75.73244393219802
845.0,780.0,-77.36441422226952
845.0,790.0,-78.97864800073924
845.0,800.0,-80.52781506876168
845.0,810.0,-81.94878321710877
845.0,820.0,-83.15628293927729
845.0,830.0,-84.05398705304701
845.0,840.0,-84.62637264721198
845.0,850.0,-84.95857554427153
845.0,860.0,-85.13295456756711
845.0,870.0,-85.20533451053763
845.0,880.0,-85.20911134542526
845.0,890.0,-85.16138039117291
845.0,900.0,-85.06921446014515
845.0,910.0,-84.9360541950597
845.0,920.0,-84.76822953935408
845.0,930.0,-84.58122473990565
845.0,940.0,-84.401286903917
845.0,950.0,-84.23704575355316
855.0,690.0,-69.39053833025194
855.0,700.0,-69.30929819260234
855.0,710.0,-69.60816411984956
855.0,720.0,-70.25576218872584
855.0,730.0,-71.1460596841367
855.0,740.0,-72.20276524719192
855.0,750.0,-73.37337457070254
855.0,760.0,-74.62220083894361
855.0,770.0,-75.92382142958019
855.0,780.0,-77.25660542636115
855.0,790.0,-78.59597312036823
855.0,800.0,-79.90709563917373
855.0,810.0,-81.13687220346401
855.0,820.0,-82.20518722362796
855.0,830.0,-82.9993835893964
855.0,840.0,-83.49689189446504
855.0,850.0,-83.80360982444644
855.0,860.0,-83.99787331079658
855.0,870.0,-84.12657786455448
855.0,880.0,-84.21312367384127
855.0,890.0,-84.26490212236605
855.0,900.0,-84.28039035873002
855.0,910.0,-84.25599650675721
855.0,920.0,-84.19278012658151
855.0,930.0,-84.1030494723563
855.0,940.0,-84.01642642237303
855.0,950.0,-83.94778221779707
865.0,690.0,-71.67160720682155
865.0,700.0,-71.55763027681532
865.0,710.0,-71.72122220521719
865.0,720.0,-72.14739466867462
865.0,730.0,-72.758681123937
865.0,740.0,-73.49098095591275
865.0,750.0,-74.30410831177069
865.0,760.0,-75.17595794259525
865.0,770.0,-76.09534458061678
865.0,780.0,-77.0548948976195
865.0,790.0,-78.04376443261452
865.0,800.0,-79.03979268047814
865.0,810.0,-80.00109279989523
865.0,820.0,-80.85917531191701
865.0,830.0,-81.53229661398149
865.0,840.0,-82.00573542840462
865.0,850.0,-82.34808675850118
865.0,860.0,-82.62418290442153
865.0,870.0,-82.87045130789234
865.0,880.0,-83.09983447764336
865.0,890.0,-83.30971555124748
865.0,900.0,-83.48958794852783
865.0,910.0,-83.62823100762613
865.0,920.0,-83.72047871643808
865.0,930.0,-83.77312754196082
865.0,940.0,-83.80485846867248
865.0,950.0,-83.81996093453273
875.0,690.0,-74.29422379517038
875.0,700.0,-74.15539770862448
875.0,710.0,-74.17157770761317
875.0,720.0,-74.33837276937987
875.0,730.0,-74.61435078548614
875.0,740.0,-74.95893643733473
875.0,750.0,-75.34869538307454
875.0,760.0,-75.77650369520507
875.0,770.0,-76.24571556034783
875.0,780.0,-76.76342096210382
875.0,790.0,-77.33339505679386
875.0,800.0,-77.94865409902722
875.0,810.0,-78.5845653181556
875.0,820.0,-79.19750771362388
875.0,830.0,-79.74225869333405
875.0,840.0,-80.20925309025093
875.0,850.0,-80.63021538116142
875.0,860.0,-81.0418586428901
875.0,870.0,-81.46289488805563
875.0,880.0,-81.89251302516668
875.0,890.0,-82.31636566830826
875.0,900.0,-82.71372446336802
875.0,910.0,-83.06426396906639
875.0,920.0,-83.35404464326524
875.0,930.0,-83.5792716392641
875.0,940.0,-83.74316041033286
875.0,950.0,-83.84262973923256
885.0,690.0,-77.15561353237145
885.0,700.0,-76.98948762658121
885.0,710.0,-76.85294882247045
885.0,720.0,-76.74661454264704
885.0,730.0,-76.65651851802347
885.0,740.0,-76.57017415548898
885.0,750.0,-76.48663246970425
885.0,760.0,-76.41717870882873
885.0,770.0,-76.38149914674192
885.0,780.0,-76.40259267376021
885.0,790.0,-76.50125150697711
885.0,800.0,-76.69019527350649
885.0,810.0,-76.96902029628686
885.0,820.0,-77.32386396050829
885.0,830.0,-77.73687003817949
885.0,840.0,-78.20097901692205
885.0,850.0,-78.72213846629047
885.0,860.0,-79.30591064666697
885.0,870.0,-79.9459868808675
885.0,880.0,-80.62251514547108
885.0,890.0,-81.30618340811137
885.0,900.0,-81.96376245601411
885.0,910.0,-82.56344000987049
885.0,920.0,-83.07937832805152
885.0,930.0,-83.49436659776306
885.0,940.0,-83.79853151567747
885.0,950.0,-83.98458537264321
895.0,690.0,-80.15796973742651
895.0,700.0,-79.96542565448676
895.0,710.0,-79.67549759814135
895.0,720.0,-79.29142527631996
895.0,730.0,-78.82095475532522
895.0,740.0,-78.27969233360344
895.0,750.0,-77.69245389051292
895.0,760.0,-77.09182674086428
895.0,770.0,-76.51560718279278
895.0,780.0,-76.00418834761551
895.0,790.0,-75.59773777023229
895.0,800.0,-75.33257220842431
895.0,810.0,-75.23679570541957
895.0,820.0,-75.32678280864745
895.0,830.0,-75.6067685196437
895.0,840.0,-76.07106163236799
895.0,850.0,-76.70503632055754
895.0,860.0,-77.48387798383989
895.0,870.0,-78.3723992930049
895.0,880.0,-79.32753505130036
895.0,890.0,-80.30208915464006
895.0,900.0,-81.2482763655531
895.0,910.0,-82.1208115551587
895.0,920.0,-82.87986382440985
895.0,930.0,-83.49384159643718
895.0,940.0,-83.94136598425875
895.0,950.0,-84.21211126001307
905.0,690.0,-83.20808717864713
905.0,700.0,-82.99621414759805
905.0,710.0,-82.55737086780468
905.0,720.0,-81.89672523189039
905.0,730.0,-81.04256610660053
905.0,740.0,-80.03912824451915
905.0,750.0,-78.93850219704275
905.0,760.0,-77.79554039224166
905.0,770.0,-76.66625755602597
905.0,780.0,-75.60834987735377
905.0,790.0,-74.68200352725793
905.0,800.0,-73.94909846187586
905.0,810.0,-73.46896851755622
905.0,820.0,-73.28975879356855
905.0,830.0,-73.43721739622181
905.0,840.0,-73.90652979473509
905.0,850.0,-74.66282236219222
905.0,860.0,-75.64994632640654
905.0,870.0,-76.80161269951414
905.0,880.0,-78.04965496531763
905.0,890.0,-79.32808840014104
905.0,900.0,-80.57422260750423
905.0,910.0,-81.7287949367559
905.0,920.0,-82.73699715530468
905.0,930.0,-83.55181823449756
905.0,940.0,-84.1398982638387
905.0,950.0,-84.48774352841986
915.0,690.0,-86.20794791093613
915.0,700.0,-85.99078138506492
915.0,710.0,-85.41303650515128
915.0,720.0,-84.48248259691347
915.0,730.0,-83.25142891398593
915.0,740.0,-81.79557573858489
915.0,750.0,-80.19475528945895
915.0,760.0,-78.52458732911171
915.0,770.0,-76.85681586972103
915.0,780.0,-75.26377200778558
915.0,790.0,-73.82357508495282
915.0,800.0,-72.62315134645863
915.0,810.0,-71.75514834692609
915.0,820.0,-71.30398439144568
915.0,830.0,-71.3209400262816
915.0,840.0,-71.80189292777229
915.0,850.0,-72.687614051224
915.0,860.0,-73.88646485405906
915.0,870.0,-75.29942906605388
915.0,880.0,-76.83403403771993
915.0,890.0,-78.40756956790774
915.0,900.0,-79.94470561225714
915.0,910.0,-81.37380316568283
915.0,920.0,-82.6252064352017
915.0,930.0,-83.63468627671443
915.0,940.0,-84.35402083233456
915.0,950.0,-84.76503091499843
925.0,690.0,-89.04367934736251
925.0,700.0,-88.84191551755374
925.0,710.0,-88.14081710668012
925.0,720.0,-86.9532791046955
925.0,730.0,-85.3648800377562
925.0,740.0,-83.48749340308537
925.0,750.0,-81.42712374955728
925.0,760.0,-79.27574358805583
925.0,770.0,-77.11580437090119
925.0,780.0,-75.02919367163429
925.0,790.0,-73.10696294819108
925.0,800.0,-71.45721701601416
925.0,810.0,-70.20619774716754
925.0,820.0,-69.48212770526445
925.0,830.0,-69.3718876072182
925.0,840.0,-69.87202854078777
925.0,850.0,-70.88898856218606
925.0,860.0,-72.28844223989839
925.0,870.0,-73.93884135626456
925.0,880.0,-75.7277204756058
925.0,890.0,-77.56089290046333
925.0,900.0,-79.35527386585095
925.0,910.0,-81.03077887765365
925.0,920.0,-82.50473908464754
925.0,930.0,-83.69355679874458
925.0,940.0,-84.52821090298832
925.0,950.0,-84.98209209894947
935.0,690.0,-91.57421182922592
935.0,700.0,-91.41331260309808
935.0,710.0,-90.60951731985571
935.0,720.0,-89.18693180367889
935.0,730.0,-87.28119104429338
935.0,740.0,-85.04262443193903
935.0,750.0,-82.59704862546307
935.0,760.0,-80.0456859649048
935.0,770.0,-77.47564108895531
935.0,780.0,-74.97257112621392
935.0,790.0,-72.63373967199924
935.0,800.0,-70.58056930499536
935.0,810.0,-68.96744856676459
935.0,820.0,-67.97331309076327
935.0,830.0,-67.740207804141
935.0,840.0,-68.26542439484697
935.0,850.0,-69.40170979914892
935.0,860.0,-70.96550972277686
935.0,870.0,-72.79871074307042
935.0,880.0,-74.77731834427983
935.0,890.0,-76.80297383741154
935.0,900.0,-78.79098641333697
935.0,910.0,-80.65848591970563
935.0,920.0,-82.31443501195552
935.0,930.0,-83.65579210065964
935.0,940.0,-84.58350305499653
935.0,950.0,-85.05438278545863
945.0,690.0,-93.62292050982677
945.0,700.0,-93.52539286172494
945.0,710.0,-92.64444792027503
945.0,720.0,-91.02912033177013
945.0,730.0,-88.88333010906075
945.0,740.0,-86.38415113039463
945.0,750.0,-83.66553108654415
945.0,760.0,-80.8311269951593
945.0,770.0,-77.96858258504993
945.0,780.0,-75.16365262838421
945.0,790.0,-72.51448184662709
945.0,800.0,-70.14647040331646
945.0,810.0,-68.2276039548046
945.0,820.0,-66.97937879537207
945.0,830.0,-66.62851894295426
945.0,840.0,-67.17315048769736
945.0,850.0,-68.38304944833018
945.0,860.0,-70.03394188815345
945.0,870.0,-71.9562103497375
945.0,880.0,-74.02434361145374
945.0,890.0,-76.14197552225231
945.0,900.0,-78.22747164090922
945.0,910.0,-80.20034352425394
945.0,920.0,-81.96838527793403
945.0,930.0,-83.41646889289271
945.0,940.0,-84.4084718397702
945.0,950.0,-84.86747133321987
955.0,690.0,-94.99588598177897
955.0,700.0,-94.94165446834461
955.0,710.0,-94.02402464078317
955.0,720.0,-92.31907070482121
955.0,730.0,-90.0673131837353
955.0,740.0,-87.45011926257231
955.0,750.0,-84.60278084255854
955.0,760.0,-81.62983633562109
955.0,770.0,-78.61949953536295
955.0,780.0,-75.65775773741278
955.0,790.0,-72.84271764069086
955.0,800.0,-70.29974948437733
955.0,810.0,-68.19789733147044
955.0,820.0,-66.76792153086103
955.0,830.0,-66.3050137331836
955.0,840.0,-66.80820694854903
955.0,850.0,-67.98069569918164
955.0,860.0,-69.59105293940587
955.0,870.0,-71.47110298165956
955.0,880.0,-73.49840675059099
955.0,890.0,-75.58031087430487
955.0,900.0,-77.63921519702856
955.0,910.0,-79.5986610956826
955.0,920.0,-81.36982810604906
955.0,930.0,-82.8380672150283
955.0,940.0,-83.84919237776947
955.0,950.0,-84.27794181944901
965.0,690.0,-95.60621753006752
965.0,700.0,-95.51246834605226
965.0,710.0,-94.62642964328897
965.0,720.0,-92.99033203890474
965.0,730.0,-90.79578051043768
965.0,740.0,-88.21968325688697
965.0,750.0,-85.3991705959129
965.0,760.0,-82.44158118711916
965.0,770.0,-79.43781070392892
965.0,780.0,-76.47607212572687
965.0,790.0,-73.65613822963874
965.0,800.0,-71.10440055259924
965.0,810.0,-68.98953121349795
965.0,820.0,-67.53378361705938
965.0,830.0,-66.96504824982551
965.0,840.0,-67.28328208703324
965.0,850.0,-68.2609205705586
965.0,860.0,-69.67726798056653
965.0,870.0,-71.36723683347249
965.0,880.0,-73.21077086329983
965.0,890.0,-75.1177694612691
965.0,900.0,-77.0134217538494
965.0,910.0,-78.82416177081329
965.0,920.0,-80.46401975415813
965.0,930.0,-81.82177504337804
965.0,940.0,-82.75766762864251
965.0,950.0,-83.18558378211794
975.0,690.0,-95.5794410994838
975.0,700.0,-95.4421539129902
975.0,710.0,-94.62218989480372
975.0,720.0,-93.14033807786907
975.0,730.0,-91.12425747213135
975.0,740.0,-88.72347516013456
975.0,750.0,-86.06860506865505
975.0,760.0,-83.26740404985932
975.0,770.0,-80.41302190129018
975.0,780.0,-77.59569015244992
975.0,790.0,-74.9156049996483
975.0,800.0,-72.49584965339241
975.0,810.0,-70.49188593282237
975.0,820.0,-69.08391612802168
975.0,830.0,-68.41613666471036
975.0,840.0,-68.48937373474698
975.0,850.0,-69.16159059885015
975.0,860.0,-70.25628217705766
975.0,870.0,-71.62426552137815
975.0,880.0,-73.15229973192483
975.0,890.0,-74.7543720529661
975.0,900.0,-76.35919603038857
975.0,910.0,-77.8973304123242
975.0,920.0,-79.28936706988107
975.0,930.0,-80.43911809682474
975.0,940.0,-81.24671928902848
975.0,950.0,-81.66537603169407
985.0,690.0,-95.1112850275394
985.0,700.0,-94.9562114132399
985.0,710.0,-94.22643377171667
985.0,720.0,-92.93336853129495
985.0,730.0,-91.1613188797945
985.0,740.0,-89.02559381646637
985.0,750.0,-86.64021622357154
985.0,760.0,-84.10680181873522
985.0,770.0,-81.51646544298217
985.0,780.0,-78.95740669927952
985.0,790.0,-76.52440058180316
985.0,800.0,-74.32729513012923
985.0,810.0,-72.49321794419345
985.0,820.0,-71.15169281429591
985.0,830.0,-70.39240442000637
985.0,840.0,-70.21692656054863
985.0,850.0,-70.53930416079918
985.0,860.0,-71.23555116570239
985.0,870.0,-72.18722473810028
985.0,880.0,-73.29765161453099
985.0,890.0,-74.4908281040128
985.0,900.0,-75.7035197429475
985.0,910.0,-76.87571459585402
985.0,920.0,-77.94263259157226
985.0,930.0,-78.83330240614991
985.0,940.0,-79.48415007131364
985.0,950.0,-79.86856810551667
995.0,690.0,-94.36717595120174
995.0,700.0,-94.2208834078895
995.0,710.0,-93.60014323801708
995.0,720.0,-92.51250972578225
995.0,730.0,-91.01539344247375
995.0,740.0,-89.19489253493713
995.0,750.0,-87.14462135126425
995.0,760.0,-84.9542459121172
995.0,770.0,-82.70715661211217
995.0,780.0,-80.48352439971833
995.0,790.0,-78.36540741735908
995.0,800.0,-76.4407680451982
995.0,810.0,-74.80212313463232
995.0,820.0,-73.5345461190694
995.0,830.0,-72.69234473845533
995.0,840.0,-72.2776825862047
995.0,850.0,-72.24117230052305
995.0,860.0,-72.50460701604926
995.0,870.0,-72.98596822949203
995.0,880.0,-73.61327840232106
995.0,890.0,-74.32758433074139
995.0,900.0,-75.07990307613343
995.0,910.0,-75.826026546333
995.0,920.0,-76.52216610408692
995.0,930.0,-77.12487526539877
995.0,940.0,-77.5984651635359
995.0,950.0,-77.92753735214038
1005.0,690.0,-93.47189188638347
1005.0,700.0,-93.3559022211754
1005.0,710.0,-92.85709431412647
1005.0,720.0,-91.98175860592862
1005.0,730.0,-90.770265767264
1005.0,740.0,-89.28621357522313
1005.0,750.0,-87.60347866387742
1005.0,760.0,-85.796836578511
1005.0,770.0,-83.9375381147461
1005.0,780.0,-82.09258633889884
1005.0,790.0,-80.32574834403353
1005.0,800.0,-78.6982765019561
1005.0,810.0,-77.26725317430339
1005.0,820.0,-76.07993338385343
1005.0,830.0,-75.16485872927984
1005.0,840.0,-74.52465388474363
1005.0,850.0,-74.13648514045035
1005.0,860.0,-73.96058387743999
1005.0,870.0,-73.95124087385423
1005.0,880.0,-74.06503569708244
1005.0,890.0,-74.26488420191647
1005.0,900.0,-74.52086750223168
1005.0,910.0,-74.80921599934766
1005.0,920.0,-75.11063449935106
1005.0,930.0,-75.40911285521854
1005.0,940.0,-75.69214350770406
1005.0,950.0,-75.95201879036856
1015.0,690.0,-92.51686518343882
1015.0,700.0,-92.4460515958729
1015.0,710.0,-92.0754703773783
1015.0,720.0,-91.41129501218502
1015.0,730.0,-90.4823177606224
1015.0,740.0,-89.33489528467696
1015.0,750.0,-88.02554153159163
1015.0,760.0,-86.61378492490923
1015.0,770.0,-85.15677852449633
1015.0,780.0,-83.70574299364391
1015.0,790.0,-82.3036075529305
1015.0,800.0,-80.9833407132527
1015.0,810.0,-79.76720847732649
1015.0,820.0,-78.66791270880326
1015.0,830.0,-77.69183084923806
1015.0,840.0,-76.84206605121523
1015.0,850.0,-76.11845423411035
1015.0,860.0,-75.51550948546057
1015.0,870.0,-75.02191073504251
1015.0,880.0,-74.62294340726234
1015.0,890.0,-74.3046036511717
1015.0,900.0,-74.05765758590624
1015.0,910.0,-73.88050936268908
1015.0,920.0,-73.77984697836135
1015.0,930.0,-73.76772708610247
1015.0,940.0,-73.85441248704089
1015.0,950.0,-74.03951613823602
1025.0,690.0,-91.56891974216809
1025.0,700.0,-91.55119352847686
1025.0,710.0,-91.30837188237274
1025.0,720.0,-90.84675213498271
1025.0,730.0,-90.18616277669057
1025.0,740.0,-89.3592008591005
1025.0,750.0,-88.40776233702303
1025.0,760.0,-87.37754249871342
1025.0,770.0,-86.31205103481025
1025.0,780.0,-85.24696165303364
1025.0,790.0,-84.2049912226956
1025.0,800.0,-83.19190443735863
1025.0,810.0,-82.1959253922364
1025.0,820.0,-81.19474879108084
1025.0,830.0,-80.17163667157307
1025.0,840.0,-79.13053901904759
1025.0,850.0,-78.09492365526212
1025.0,860.0,-77.09291766736015
1025.0,870.0,-76.14519562914069
1025.0,880.0,-75.26294772408416
1025.0,890.0,-74.45282339799077
1025.0,900.0,-73.72428598296663
1025.0,910.0,-73.09641370948943
1025.0,920.0,-72.60153073046804
1025.0,930.0,-72.28167122079176
1025.0,940.0,-72.17368424365887
1025.0,950.0,-72.2868369622355
1035.0,690.0,-90.67825713802192
1035.0,700.0,-90.71494701464594
1035.0,710.0,-90.59300539245754
1035.0,720.0,-90.3183136860016
1035.0,730.0,-89.90224161683935
1035.0,740.0,-89.36579885999474
1035.0,750.0,-88.73905932197178
1035.0,760.0,-88.05633905511496
1035.0,770.0,-87.34963414878582
1035.0,780.0,-86.64152811708358
1035.0,790.0,-85.93792449821993
1035.0,800.0,-85.22136253081231
1035.0,810.0,-84.44808590840124
1035.0,820.0,-83.55739958233274
1035.0,830.0,-82.50342706373591
1035.0,840.0,-81.29207707236732
1035.0,850.0,-79.97680051856457
1035.0,860.0,-78.62107505755657
1035.0,870.0,-77.27381712415952
1035.0,880.0,-75.96661815068776
1035.0,890.0,-74.7215340725645
1035.0,900.0,-73.5618571872826
1035.0,910.0,-72.52269303340603
1035.0,920.0,-71.65880309488851
1035.0,930.0,-71.04394157537703
1035.0,940.0,-70.74990966800071
1035.0,950.0,-70.80173401670999
1045.0,690.0,-89.88534536145129
1045.0,700.0,-89.97217999937027
1045.0,710.0,-89.95861508365198
1045.0,720.0,-89.84854207929416
1045.0,730.0,-89.6437069665687
1045.0,740.0,-89.35544961365886
1045.0,750.0,-89.00500119309064
1045.0,760.0,-88.61807544367537
1045.0,770.0,-88.21782278080708
1045.0,780.0,-87.81706352647801
1045.0,790.0,-87.40984691432081
1045.0,800.0,-86.96249475127581
1045.0,810.0,-86.40591306039062
1045.0,820.0,-85.63857565960015
1045.0,830.0,-84.57192718475406
1045.0,840.0,-83.2165822755572
1045.0,850.0,-81.66920369809188
1045.0,860.0,-80.02841208599351
1045.0,870.0,-78.36380590809456
1045.0,880.0,-76.71984338672085
1045.0,890.0,-75.12783591158946
1045.0,900.0,-73.61917246726676
1045.0,910.0,-72.2383986072613
1045.0,920.0,-71.05531320031783
1045.0,930.0,-70.17215781133267
1045.0,940.0,-69.70714632920428
1045.0,950.0,-69.71446947236448
1055.0,690.0,-89.22618830836811
1055.0,700.0,-89.35544977306321
1055.0,710.0,-89.43305956392413
1055.0,720.0,-89.45766763573955
1055.0,730.0,-89.42069355140917
1055.0,740.0,-89.32711082379852
1055.0,750.0,-89.19221114406696
1055.0,760.0,-89.03533535234791
1055.0,770.0,-88.87283015832234
1055.0,780.0,-88.7103234196847
1055.0,790.0,-88.53417163887005
1055.0,800.0,-88.30189133745976
1055.0,810.0,-87.9315830338569
1055.0,820.0,-87.29211612490116
1055.0,830.0,-86.23288385303817
1055.0,840.0,-84.77529342661173
1055.0,850.0,-83.0729333361579
1055.0,860.0,-81.24679556965856
1055.0,870.0,-79.37602944804455
1055.0,880.0,-77.51139619220588
1055.0,890.0,-75.68927993774976
1055.0,900.0,-73.94541817941823
1055.0,910.0,-72.32854113222739
1055.0,920.0,-70.91421421025817
1055.0,930.0,-69.8188022109411
1055.0,940.0,-69.2066826540472
1055.0,950.0,-69.18721579918603
1065.0,690.0,-88.7316603525165
1065.0,700.0,-88.89982419003827
1065.0,710.0,-89.04479130598355
1065.0,720.0,-89.16227656689824
1065.0,730.0,-89.23994256338186
1065.0,740.0,-89.27942939242982
1065.0,750.0,-89.29161958781987
1065.0,760.0,-89.29058393218666
1065.0,770.0,-89.28684634229924
1065.0,780.0,-89.27994907314127
1065.0,790.0,-89.25019184242684
1065.0,800.0,-89.14938461977631
1065.0,810.0,-88.89050856890013
1065.0,820.0,-88.33637395455736
1065.0,830.0,-87.3124344961187
1065.0,840.0,-85.84574173447558
1065.0,850.0,-84.10853212195617
1065.0,860.0,-82.22627238375992
1065.0,870.0,-80.28230046857676
1065.0,880.0,-78.33185314989385
1065.0,890.0,-76.41566967380646
1065.0,900.0,-74.57334811879858
1065.0,910.0,-72.85676339761746
1065.0,920.0,-71.34388353971848
1065.0,930.0,-70.15325562778857
1065.0,940.0,-69.45840217196763
1065.0,950.0,-69.39549503804446
1075.0,690.0,-88.40917917142158
1075.0,700.0,-88.61570023845263
1075.0,710.0,-88.80002426772084
1075.0,720.0,-88.96403241993045
1075.0,730.0,-89.1007705803034
1075.0,740.0,-89.21038779532955
1075.0,750.0,-89.30024892295214
1075.0,760.0,-89.3798930791644
1075.0,770.0,-89.4547141963247
1075.0,780.0,-89.51888779206969
1075.0,790.0,-89.54754173119557
1075.0,800.0,-89.4882242478133
1075.0,810.0,-89.25259960027637
1075.0,820.0,-88.71524274975972
1075.0,830.0,-87.7596697157775
1075.0,840.0,-86.39957241174167
1075.0,850.0,-84.75808915284084
1075.0,860.0,-82.95371763451976
1075.0,870.0,-81.07208932393172
1075.0,880.0,-79.17274688856088
1075.0,890.0,-77.30104378238438
1075.0,900.0,-75.50078173030114
1075.0,910.0,-73.8271220954032
1075.0,920.0,-72.35955305587503
1075.0,930.0,-71.21267659211071
1075.0,940.0,-70.5277882240962
1075.0,950.0,-70.37878749545682
1085.0,690.0,-88.23569895072403
1085.0,700.0,-88.4692938478547
1085.0,710.0,-88.67130026351559
1085.0,720.0,-88.84647110730859
1085.0,730.0,-88.99453088452455
1085.0,740.0,-89.11761913319486
1085.0,750.0,-89.22178822714002
1085.0,760.0,-89.31364024804648
1085.0,770.0,-89.39495359323925
1085.0,780.0,-89.45644547045735
1085.0,790.0,-89.47111327161787
1085.0,800.0,-89.38798726534938
1085.0,810.0,-89.12934770662909
1085.0,820.0,-88.6010833618693
1085.0,830.0,-87.7330422191708
1085.0,840.0,-86.53208247847503
1085.0,850.0,-85.0752588825266
1085.0,860.0,-83.45603681410223
1085.0,870.0,-81.75291633825532
1085.0,880.0,-80.02545003204472
1085.0,890.0,-78.32119435140757
1085.0,900.0,-76.68587321550461
1085.0,910.0,-75.1741842871463
1085.0,920.0,-73.8591814162448
1085.0,930.0,-72.83446888678593
1085.0,940.0,-72.19356068796776
1085.0,950.0,-71.97311546997321
1095.0,690.0,-88.18120954627105
1095.0,700.0,-88.429165505299
1095.0,710.0,-88.62972670533681
1095.0,720.0,-88.7885098766094
1095.0,730.0,-88.91006633307991
1095.0,740.0,-89.00019669294339
1095.0,750.0,-89.06612467154517
1095.0,760.0,-89.11389080740172
1095.0,770.0,-89.14416045910095
1095.0,780.0,-89.14743032705995
1095.0,790.0,-89.09937816103323
1095.0,800.0,-88.95771245554565
1095.0,810.0,-88.66377258425203
1095.0,820.0,-88.15466724310146
1095.0,830.0,-87.38879529423617
1095.0,840.0,-86.37011371389349
1095.0,850.0,-85.14598739708458
1095.0,860.0,-83.78242291587713
1095.0,870.0,-82.34267898716128
1095.0,880.0,-80.87968880484236
1095.0,890.0,-79.43806418655296
1095.0,900.0,-78.06030918428287
1095.0,910.0,-76.79391843624396
1095.0,920.0,-75.69627763266858
1095.0,930.0,-74.83215395686439
1095.0,940.0,-74.25684149010311
1095.0,950.0,-73.9874082671256
1105.0,690.0,-88.21823808259053
1105.0,700.0,-88.46962566962185
1105.0,710.0,-88.65245894060058
1105.0,720.0,-88.77251235450356
1105.0,730.0,-88.83821057974733
1105.0,740.0,-88.8598074506187
1105.0,750.0,-88.84768234858831
1105.0,760.0,-88.80970584289776
1105.0,770.0,-88.74815794236237
1105.0,780.0,-88.65670803294785
1105.0,790.0,-88.51804082836382
1105.0,800.0,-88.30321521614603
1105.0,810.0,-87.97471939649797
1105.0,820.0,-87.49539087946492
1105.0,830.0,-86.8423130807785
1105.0,840.0,-86.0181531050421
1105.0,850.0,-85.0509090173152
1105.0,860.0,-83.98307934437933
1105.0,870.0,-82.85977972931249
1105.0,880.0,-81.72223134807726
1105.0,890.0,-80.60678647762569
1105.0,900.0,-79.54717465952164
1105.0,910.0,-78.57761338146217
1105.0,920.0,-77.73443100817012
1105.0,930.0,-77.0534149999719
1105.0,940.0,-76.56097285869949
1105.0,950.0,-76.2623225804154
1115.0,690.0,-88.32104699825365
1115.0,700.0,-88.56780273190498
1115.0,710.0,-88.72008697989067
1115.0,720.0,-88.78391069518008
1115.0,730.0,-88.77191410594709
1115.0,740.0,-88.69982905175137
1115.0,750.0,-88.5827521268904
1115.0,760.0,-88.43221397331148
1115.0,770.0,-88.2541755704684
1115.0,780.0,-88.04785124864911
1115.0,790.0,-87.80544478186141
1115.0,800.0,-87.51315147530372
1115.0,810.0,-87.15387528443837
1115.0,820.0,-86.71175839917575
1115.0,830.0,-86.1776373296899
1115.0,840.0,-85.5533385100571
1115.0,850.0,-84.85258839208012
1115.0,860.0,-84.09813400290297
1115.0,870.0,-83.31700124847642
1115.0,880.0,-82.53630377266032
1115.0,890.0,-81.78073465249305
1115.0,900.0,-81.07153053702504
1115.0,910.0,-80.42611539555494
1115.0,920.0,-79.8576680910269
1115.0,930.0,-79.37429246385996
1115.0,940.0,-78.9781495950158
1115.0,950.0,-78.66535306513065
1125.0,690.0,-88.46296244128911
1125.0,700.0,-88.70035319437116
1125.0,710.0,-88.81301816094239
1125.0,720.0,-88.8079640379361
1125.0,730.0,-88.70367582362243
1125.0,740.0,-88.52289042955113
1125.0,750.0,-88.2865500434212
1125.0,760.0,-88.0107677710135
1125.0,770.0,-87.70608108006392
1125.0,780.0,-87.37808658407164
1125.0,790.0,-87.02902894240685
1125.0,800.0,-86.66002744965772
1125.0,810.0,-86.27310702803636
1125.0,820.0,-85.8715271016768
1125.0,830.0,-85.45788601363276
1125.0,840.0,-85.03280923826178
1125.0,850.0,-84.59728735709243
1125.0,860.0,-84.1563945104484
1125.0,870.0,-83.72026443430813
1125.0,880.0,-83.30187401050821
1125.0,890.0,-82.91343678196142
1125.0,900.0,-82.56270219865883
1125.0,910.0,-82.24964855965207
1125.0,920.0,-81.9642655950714
1125.0,930.0,-81.68736479176448
1125.0,940.0,-81.39705552559153
1125.0,950.0,-81.07991890740003
1135.0,690.0,-88.61319051289135
1135.0,700.0,-88.83987057055835
1135.0,710.0,-88.90754575649997
1135.0,720.0,-88.82588742788676
1135.0,730.0,-88.62231278281486
1135.0,740.0,-88.32827033180504
1135.0,750.0,-87.97086328995073
1135.0,760.0,-87.57061703262058
1135.0,770.0,-87.14236031665087
1135.0,780.0,-86.69751615359243
1135.0,790.0,-86.24722994411701
1135.0,800.0,-85.80583273539833
1135.0,810.0,-85.39303713729619
1135.0,820.0,-85.03120067825277
1135.0,830.0,-84.73509179950479
1135.0,840.0,-84.50286577368075
1135.0,850.0,-84.32142451349446
1135.0,860.0,-84.1788916342688
1135.0,870.0,-84.07045615495407
1135.0,880.0,-83.99674605248329
1135.0,890.0,-83.95887303856102
1135.0,900.0,-83.95257218142282
1135.0,910.0,-83.96237289185827
1135.0,920.0,-83.95703473311357
1135.0,930.0,-83.88989264606111
1135.0,940.0,-83.71117145438372
1135.0,950.0,-83.39428051975435
1145.0,690.0,-88.73338955592044
1145.0,700.0,-88.95100651590599
1145.0,710.0,-88.97174327589845
1145.0,720.0,-88.8113261168564
1145.0,730.0,-88.51067162037951
1145.0,740.0,-88.1105130681847
1145.0,750.0,-87.64298707707633
1145.0,760.0,-87.13192556633847
1145.0,770.0,-86.59550187124161
1145.0,780.0,-86.04969834983608
1145.0,790.0,-85.51241215357977
1145.0,800.0,-85.00804555398939
1145.0,810.0,-84.5713262188949
1145.0,820.0,-84.24495493651543
1145.0,830.0,-84.05940154427448
1145.0,840.0,-84.00749229957934
1145.0,850.0,-84.05800099199507
1145.0,860.0,-84.18309249854649
1145.0,870.0,-84.36618227919656
1145.0,880.0,-84.59845895229213
1145.0,890.0,-84.87238703516272
1145.0,900.0,-85.17447398297303
1145.0,910.0,-85.4777323220965
1145.0,920.0,-85.73444595331767
1145.0,930.0,-85.8724828681216
1145.0,940.0,-85.80740913330357
1145.0,950.0,-85.49069211234134
1155.0,690.0,-88.77462707661701
1155.0,700.0,-88.98627181076942
1155.0,710.0,-88.96153911953432
1155.0,720.0,-88.72910451769911
1155.0,730.0,-88.34652746621427
1155.0,740.0,-87.86071342888198
1155.0,750.0,-87.30645993218408
1155.0,760.0,-86.70975369076722
1155.0,770.0,-86.09141823234914
1155.0,780.0,-85.47101228742108
1155.0,790.0,-84.87118541645536
1155.0,800.0,-84.32264503645906
1155.0,810.0,-83.86957900466017
1155.0,820.0,-83.57309392665388
1155.0,830.0,-83.48742580454415
1155.0,840.0,-83.59395301009451
1155.0,850.0,-83.83944852386207
1155.0,860.0,-84.18476395218877
1155.0,870.0,-84.60578898202735
1155.0,880.0,-85.08695930961679
1155.0,890.0,-85.6140480841117
1155.0,900.0,-86.16664814422782
1155.0,910.0,-86.71018474719583
1155.0,920.0,-87.18730841037976
1155.0,930.0,-87.50924333628824
1155.0,940.0,-87.55469067135428
1155.0,950.0,-87.23520203576257
1165.0,690.0,-88.68048094319794
1165.0,700.0,-88.88151866806045
1165.0,710.0,-88.8215408396065
1165.0,720.0,-88.5428001509598
1165.0,730.0,-88.10992411924954
1165.0,740.0,-87.57138359593517
1165.0,750.0,-86.9635694619286
1165.0,760.0,-86.31463164865167
1165.0,770.0,-85.64822809010359
1165.0,780.0,-84.98740993810135
1165.0,790.0,-84.35884396126998
1165.0,800.0,-83.7975124888367
1165.0,810.0,-83.35193613375705
1165.0,820.0,-83.08985766388625
1165.0,830.0,-83.08548053544715
1165.0,840.0,-83.30787506936342
1165.0,850.0,-83.6925048406335
1165.0,860.0,-84.19555746969893
1165.0,870.0,-84.7877676290767
1165.0,880.0,-85.44770207721155
1165.0,890.0,-86.15485821649966
1165.0,900.0,-86.88246465606358
1165.0,910.0,-87.58980233333986
1165.0,920.0,-88.21384231136145
1165.0,930.0,-88.66002825714718
1165.0,940.0,-88.79207795548442
1165.0,950.0,-88.47604702188205
1175.0,690.0,-88.42395368452209
1175.0,700.0,-88.59404885198232
1175.0,710.0,-88.5240325544995
1175.0,720.0,-88.23946723523201
1175.0,730.0,-87.79617163288721
1175.0,740.0,-87.24298776144184
1175.0,750.0,-86.61839014756255
1175.0,760.0,-85.95337074934217
1175.0,770.0,-85.27497925485582
1175.0,780.0,-84.61007376770478
1175.0,790.0,-83.98933256982161
1175.0,800.0,-83.45155122250337
1175.0,810.0,-83.04787876318055
1175.0,820.0,-82.84266898165575
1175.0,830.0,-82.88771425556527
1175.0,840.0,-83.16652857959532
1175.0,850.0,-83.62527761075874
1175.0,860.0,-84.21788484639343
1175.0,870.0,-84.91008841599002
1175.0,880.0,-85.6743375795049
1175.0,890.0,-86.4834604993443
1175.0,900.0,-87.3038655478373
1175.0,910.0,-88.08827792419794
1175.0,920.0,-88.76798503538755
1175.0,930.0,-89.2451810917285
1175.0,940.0,-89.39286006635892
1175.0,950.0,-89.12089092638462
1185.0,690.0,-88.04302253301555
1185.0,700.0,-88.18329199132539
1185.0,710.0,-88.11258691008643
1185.0,720.0,-87.8453596780782
1185.0,730.0,-87.42206693332675
1185.0,740.0,-86.88673560197746
1185.0,750.0,-86.27819579219081
1185.0,760.0,-85.62979392541015
1185.0,770.0,-84.97176110235786
1185.0,780.0,-84.33437558516688
1185.0,790.0,-83.75137746269297
1185.0,800.0,-83.26314477820038
1185.0,810.0,-82.91811479011622
1185.0,820.0,-82.76740398273859
1185.0,830.0,-82.84415069721818
1185.0,840.0,-83.1410463982488
1185.0,850.0,-83.62124283093834
1185.0,860.0,-84.24316306552285
1185.0,870.0,-84.97024341210546
1185.0,880.0,-85.76990891962134
1185.0,890.0,-86.6089061351269
1185.0,900.0,-87.44746844521356
1185.0,910.0,-88.23313795675328
1185.0,920.0,-88.89520129703399
1185.0,930.0,-89.34307511018571
1185.0,940.0,-89.48058691065566
1185.0,950.0,-89.25578337968562
1195.0,690.0,-87.59301118713242
1195.0,700.0,-87.71101025262395
1195.0,710.0,-87.6448426418105
1195.0,720.0,-87.40375274758544
1195.0,730.0,-87.0167741626997
1195.0,740.0,-86.5207218206541
1195.0,750.0,-85.9522056543923
1195.0,760.0,-85.34521803902445
1195.0,770.0,-84.73186286911375
1195.0,780.0,-84.14438829391288
1195.0,790.0,-83.61748801953597
1195.0,800.0,-83.18986660976324
1195.0,810.0,-82.90327527005468
1195.0,820.0,-82.79610841947004
1195.0,830.0,-82.89081539063787
1195.0,840.0,-83.18403306810356
1195.0,850.0,-83.6507763110333
1195.0,860.0,-84.25682100844905
1195.0,870.0,-84.96686282304606
1195.0,880.0,-85.74595337999176
1195.0,890.0,-86.55698094397272
1195.0,900.0,-87.35656193378016
1195.0,910.0,-88.090908126014
1195.0,920.0,-88.69360886145894
1195.0,930.0,-89.08926903884226
1195.0,940.0,-89.20958761792872
1195.0,950.0,-89.02264283388472
1205.0,690.0,-87.11783415058639
1205.0,700.0,-87.22139875320133
1205.0,710.0,-87.16404795249593
1205.0,720.0,-86.95258364835146
1205.0,730.0,-86.60885938081056
1205.0,740.0,-86.16326109464335
1205.0,750.0,-85.64890976493308
1205.0,760.0,-85.09872587439709
1205.0,770.0,-84.54491544705637
1205.0,780.0,-84.01976292531045
1205.0,790.0,-83.55668838348187
1205.0,800.0,-83.19048982921584
1205.0,810.0,-82.95545726867411
1205.0,820.0,-82.880286041713
1205.0,830.0,-82.98084093350099
1205.0,840.0,-83.25534309041635
1205.0,850.0,-83.68606548563227
1205.0,860.0,-84.24548544216091
1205.0,870.0,-84.90160419526025
1205.0,880.0,-85.6198880611017
1205.0,890.0,-86.3623793310434
1205.0,900.0,-87.08549767515329
1205.0,910.0,-87.73816612270386
1205.0,920.0,-88.26227082056764
1205.0,930.0,-88.59814588077342
1205.0,940.0,-88.69715720810133
1205.0,950.0,-88.53821304933098
1215.0,690.0,-86.64836851562224
1215.0,700.0,-86.74450516206062
1215.0,710.0,-86.6993135462544
1215.0,720.0,-86.51850089230875
1215.0,730.0,-86.21960554876559
1215.0,740.0,-85.8282051360895
1215.0,750.0,-85.37385691409237
1215.0,760.0,-84.88733933037992
1215.0,770.0,-84.39944120807127
1215.0,780.0,-83.94077879625108
1215.0,790.0,-83.54186769336437
1215.0,800.0,-83.23260812690879
1215.0,810.0,-83.04041146710252
1215.0,820.0,-82.98671293765153
1215.0,830.0,-83.08286065900619
1215.0,840.0,-83.32758792850225
1215.0,850.0,-83.70767733730514
1215.0,860.0,-84.20101312851756
1215.0,870.0,-84.77971351305682
1215.0,880.0,-85.41176763925674
1215.0,890.0,-86.06109376113102
1215.0,900.0,-86.68687363516226
1215.0,910.0,-87.2434225262609
1215.0,920.0,-87.68207122973428
1215.0,930.0,-87.9564288788328
1215.0,940.0,-88.03115122983652
1215.0,950.0,-87.891376518131
1225.0,690.0,-86.20446964765357
1225.0,700.0,-86.29902858845576
1225.0,710.0,-86.26824188483106
1225.0,720.0,-86.1174304379895
1225.0,730.0,-85.86166078113928
1225.0,740.0,-85.52323332743104
1225.0,750.0,-85.12865184593677
1225.0,760.0,-84.70614527103405
1225.0,770.0,-84.28412931084495
1225.0,780.0,-83.89041485419142
1225.0,790.0,-83.55168076303494
1225.0,800.0,-83.29267019256426
1225.0,810.0,-83.13471039320248
1225.0,820.0,-83.09355216548124
1225.0,830.0,-83.17712735601403
1225.0,840.0,-83.3842159468161
1225.0,850.0,-83.7046569332014
1225.0,860.0,-84.12078061261708
1225.0,870.0,-84.60909389590171
1225.0,880.0,-85.14143902793428
1225.0,890.0,-85.68550091266648
1225.0,900.0,-86.2051214137369
1225.0,910.0,-86.66120834394255
1225.0,920.0,-87.0140954102038
1225.0,930.0,-87.22788279022575
1225.0,940.0,-87.27632076772126
1225.0,950.0,-87.14834595541994
1235.0,690.0,-85.79694789467273
1235.0,700.0,-85.8945403123099
1235.0,710.0,-85.87923214406648
1235.0,720.0,-85.75637643167217
1235.0,730.0,-85.53984121968978
1235.0,740.0,-85.24994858709353
1235.0,750.0,-84.91088154922733
1235.0,760.0,-84.54837768386774
1235.0,770.0,-84.18806711612463
1235.0,780.0,-83.85438576572263
1235.0,790.0,-83.56977893944877
1235.0,800.0,-83.35389602204194
1235.0,810.0,-83.22260896439535
1235.0,820.0,-83.18690393922701
1235.0,830.0,-83.25189427589189
1235.0,840.0,-83.41625228971571
1235.0,850.0,-83.67220840761145
1235.0,860.0,-84.00602377170871
1235.0,870.0,-84.3986830122792
1235.0,880.0,-84.82658298929624
1235.0,890.0,-85.26218691617505
1235.0,900.0,-85.674857504347
1235.0,910.0,-86.0322531373788
1235.0,920.0,-86.30266200791168
1235.0,930.0,-86.45836540537668
1235.0,940.0,-86.47954320134062
1235.0,950.0,-86.35758906819265
1245.0,690.0,-85.42912614038693
1245.0,700.0,-85.53316487824169
1245.0,710.0,-85.53325451224312
1245.0,720.0,-85.4350983646878
1245.0,730.0,-85.25239893572852
1245.0,740.0,-85.00464430709151
1245.0,750.0,-84.71448672429071
1245.0,760.0,-84.40548511571919
1245.0,770.0,-84.10045258387821
1245.0,780.0,-83.82030548406534
1245.0,790.0,-83.58321373351002
1245.0,800.0,-83.40392038694691
1245.0,810.0,-83.29324086964107
1245.0,820.0,-83.25784277655056
1245.0,830.0,-83.30030413413759
1245.0,840.0,-83.4192075558797
1245.0,850.0,-83.609007385932
1245.0,860.0,-83.8597395965507
1245.0,870.0,-84.15689302768239
1245.0,880.0,-84.48165598686204
1245.0,890.0,-84.81157080189995
1245.0,900.0,-85.1216072398318
1245.0,910.0,-85.385728405738
1245.0,920.0,-85.57900517329084
1245.0,930.0,-85.6801572292625
1245.0,940.0,-85.67411382939459
1245.0,950.0,-85.55397386682736
1255.0,690.0,-85.09794454930238
1255.0,700.0,-85.2107575725083
1255.0,710.0,-85.22509688929473
1255.0,720.0,-85.1473737224677
1255.0,730.0,-84.99216426967602
1255.0,740.0,-84.77919397743773
1255.0,750.0,-84.53031457539626
1255.0,760.0,-84.26727682560542
1255.0,770.0,-84.01024003154981
1255.0,780.0,-83.7767304478273
1255.0,790.0,-83.5808469502426
1255.0,800.0,-83.43269648334967
1255.0,810.0,-83.3382551684232
1255.0,820.0,-83.29994067231583
1255.0,830.0,-83.31780980372265
1255.0,840.0,-83.39048831873745
1255.0,850.0,-83.51486785516397
1255.0,860.0,-83.68487686958314
1255.0,870.0,-83.8904803542521
1255.0,880.0,-84.11753836056008
1255.0,890.0,-84.34845703273172
1255.0,900.0,-84.56339436548217
1255.0,910.0,-84.74186438109093
1255.0,920.0,-84.86461123316096
1255.0,930.0,-84.91552512584961
1255.0,940.0,-84.88324954022754
1255.0,950.0,-84.76218560031015
1265.0,690.0,-84.79462828852058
1265.0,700.0,-84.91761057807267
1265.0,710.0,-84.9441209352165
1265.0,720.0,-84.88184278932998
1265.0,730.0,-84.74748112739636
1265.0,740.0,-84.56196739545813
1265.0,750.0,-84.346847223882
1265.0,760.0,-84.12230351279543
1265.0,770.0,-83.90604488460662
1265.0,780.0,-83.71250289510009
1265.0,790.0,-83.55212407289665
1265.0,800.0,-83.4308101546373
1265.0,810.0,-83.34987500722777
1265.0,820.0,-83.3072243961222
1265.0,830.0,-83.30006905683591
1265.0,840.0,-83.32733037518791
1265.0,850.0,-83.38895682613322
1265.0,860.0,-83.48307282959338
1265.0,870.0,-83.60395201942859
1265.0,880.0,-83.74169039474924
1265.0,890.0,-83.8829884530092
1265.0,900.0,-84.01248412507464
1265.0,910.0,-84.11435787738758
1265.0,920.0,-84.17402291755383
1265.0,930.0,-84.17962437865391
1265.0,940.0,-84.12294353875241
1265.0,950.0,-83.99952642305846
1275.0,690.0,-84.50494844337311
1275.0,700.0,-84.63871162100773
1275.0,710.0,-84.67457580922103
1275.0,720.0,-84.62258354329356
1275.0,730.0,-84.50315311137291
1275.0,740.0,-84.33896975631461
1275.0,750.0,-84.1512698207387
1275.0,760.0,-83.95865401274261
1275.0,770.0,-83.77654494713028
1275.0,780.0,-83.61667200231726
1275.0,790.0,-83.48644726199358
1275.0,800.0,-83.38829835562073
1275.0,810.0,-83.31932688049046
1275.0,820.0,-83.27247530731616
1275.0,830.0,-83.24121225366763
1275.0,840.0,-83.22521597222082
1275.0,850.0,-83.22864825658354
1275.0,860.0,-83.25406881879621
1275.0,870.0,-83.29954834147912
1275.0,880.0,-83.35869031841571
1275.0,890.0,-83.42172969586169
1275.0,900.0,-83.47697721293524
1275.0,910.0,-83.51238725437355
1275.0,920.0,-83.51712078250593
1275.0,930.0,-83.48285944191332
1275.0,940.0,-83.40429555017423
1275.0,950.0,-83.2782055558701
1285.0,690.0,-84.209179104299
1285.0,700.0,-84.35356515972006
1285.0,710.0,-84.39558531940762
1285.0,720.0,-84.34991503210607
1285.0,730.0,-84.24198579930668
1285.0,740.0,-84.09559472367562
1285.0,750.0,-83.93107606934376
1285.0,760.0,-83.76528026031507
1285.0,770.0,-83.61151015486213
1285.0,780.0,-83.47922276774327
1285.0,790.0,-83.3734958028184
1285.0,800.0,-83.29429683264281
1285.0,810.0,-83.23568450191868
1285.0,820.0,-83.18575535443333
1285.0,830.0,-83.13237914280197
1285.0,840.0,-83.07692283366592
1285.0,850.0,-83.02933620853968
1285.0,860.0,-82.9960351362286
1285.0,870.0,-82.9778648357653
1285.0,880.0,-82.97108251311991
1285.0,890.0,-82.96873310037921
1285.0,900.0,-82.96209008530128
1285.0,910.0,-82.9421093061605
1285.0,920.0,-82.90085529033948
1285.0,930.0,-82.83279198394392
1285.0,940.0,-82.73542456258241
1285.0,950.0,-82.60719729120794
1295.0,690.0,-83.88269080356973
1295.0,700.0,-84.03556874043154
1295.0,710.0,-84.081753938997
1295.0,720.0,-84.04315345077949
1295.0,730.0,-83.94795661835101
1295.0,740.0,-83.81932865754825
1295.0,750.0,-83.67620470287467
1295.0,760.0,-83.53372859516591
1295.0,770.0,-83.40335759827883
1295.0,780.0,-83.29268058236183
1295.0,790.0,-83.20498607513885
1295.0,800.0,-83.13860799811638
1295.0,810.0,-83.08607124517697
1295.0,820.0,-83.03305752246231
1295.0,830.0,-82.96073313001921
1295.0,840.0,-82.87338571042672
1295.0,850.0,-82.78606699418083
1295.0,860.0,-82.70709567298888
1295.0,870.0,-82.63910492461086
1295.0,880.0,-82.58043365066848
1295.0,890.0,-82.52647491305402
1295.0,900.0,-82.47099520372262
1295.0,910.0,-82.40742551796322
1295.0,920.0,-82.33010863047818
1295.0,930.0,-82.23546932650655
1295.0,940.0,-82.12305345820222
1295.0,950.0,-81.99353690685318
1305.0,690.0,-83.50531377863484
1305.0,700.0,-83.65710327612895
1305.0,710.0,-83.71252407083621
1305.0,720.0,-83.68857739343773
1305.0,730.0,-83.61135311879144
1305.0,740.0,-83.50297437167195
1305.0,750.0,-83.38119259487029
1305.0,760.0,-83.25978766296697
1305.0,770.0,-83.1487344136397
1305.0,780.0,-83.05410438539978
1305.0,790.0,-82.9777276074965
1305.0,800.0,-82.91664263401832
1305.0,810.0,-82.86238211213166
1305.0,820.0,-82.80045303160314
1305.0,830.0,-82.71536761668713
1305.0,840.0,-82.6099014466601
1305.0,850.0,-82.49759711436857
1305.0,860.0,-82.38776387140639
1305.0,870.0,-82.2846036447914
1305.0,880.0,-82.18836770601312
1305.0,890.0,-82.09658201009485
1305.0,900.0,-82.00523820222143
1305.0,910.0,-81.90993983775176
1305.0,920.0,-81.80699014554588
1305.0,930.0,-81.69438409151147
1305.0,940.0,-81.57243067501742
1305.0,950.0,-81.44127008155607
