545.0,690.0,-65.20177092141213
545.0,700.0,-65.11861072382885
545.0,710.0,-64.8977954826817
545.0,720.0,-64.53719248844918
545.0,730.0,-64.04925483457681
545.0,740.0,-63.45897299466947
545.0,750.0,-62.799661877213666
545.0,760.0,-62.10976205728596
545.0,770.0,-61.43172064228145
545.0,780.0,-60.8123863073418
545.0,790.0,-60.30386769255014
545.0,800.0,-59.96358911822251
545.0,810.0,-59.85184518723775
545.0,820.0,-60.02484107327997
545.0,830.0,-60.52257170345898
545.0,840.0,-61.355651949583205
545.0,850.0,-62.499710761343195
545.0,860.0,-63.90151262149924
545.0,870.0,-65.49085649211163
545.0,880.0,-67.19005894700582
545.0,890.0,-68.91819476247962
545.0,900.0,-70.59160135685146
545.0,910.0,-72.12346775700523
545.0,920.0,-73.42569674302561
545.0,930.0,-74.41654000114785
545.0,940.0,-75.03583166325666
545.0,950.0,-75.26249615508863
555.0,690.0,-65.89899222682895
555.0,700.0,-65.84054945907288
555.0,710.0,-65.62178553823121
555.0,720.0,-65.23742122213194
555.0,730.0,-64.70269440363317
555.0,740.0,-64.04843339555761
555.0,750.0,-63.313131388398176
555.0,760.0,-62.53852807971416
555.0,770.0,-61.769034337272686
555.0,780.0,-61.05327297706683
555.0,790.0,-60.44638236865229
555.0,800.0,-60.01188604372887
555.0,810.0,-59.821170183382755
555.0,820.0,-59.94687482113876
555.0,830.0,-60.44592488115783
555.0,840.0,-61.33599611229426
555.0,850.0,-62.584671962719405
555.0,860.0,-64.12288114086651
555.0,870.0,-65.86644524284148
555.0,880.0,-67.72883236010568
555.0,890.0,-69.62397979120425
555.0,900.0,-71.46389319448795
555.0,910.0,-73.1549451741355
555.0,920.0,-74.59637302150121
555.0,930.0,-75.68636260009504
555.0,940.0,-76.34309390033289
555.0,950.0,-76.53761055115089
565.0,690.0,-66.59940659308093
565.0,700.0,-66.57568424246068
565.0,710.0,-66.36819258576658
565.0,720.0,-65.96674655254522
565.0,730.0,-65.39209373250051
565.0,740.0,-64.68369984378378
565.0,750.0,-63.8855283542379
565.0,760.0,-63.04150839682129
565.0,770.0,-62.19638713135949
565.0,780.0,-61.39851815953827
565.0,790.0,-60.70345382694756
565.0,800.0,-60.17774132506339
565.0,810.0,-59.90157155158662
565.0,820.0,-59.96586447823917
565.0,830.0,-60.452436054330285
565.0,840.0,-61.39072893064136
565.0,850.0,-62.73350871623859
565.0,860.0,-64.38873099335142
565.0,870.0,-66.25767514720489
565.0,880.0,-68.24810539516527
565.0,890.0,-70.27295027056807
565.0,900.0,-72.24430879760058
565.0,910.0,-74.06645894153706
565.0,920.0,-75.62995135824518
565.0,930.0,-76.81173352258891
565.0,940.0,-77.49735736812212
565.0,950.0,-77.64249582427777
575.0,690.0,-67.27100654592918
575.0,700.0,-67.29007170064105
575.0,710.0,-67.1039446851626
575.0,720.0,-66.69376976215244
575.0,730.0,-66.09133384787656
575.0,740.0,-65.34695326707067
575.0,750.0,-64.50857003484712
575.0,760.0,-63.62073683348717
575.0,770.0,-62.72728935147827
575.0,780.0,-61.87486775591875
575.0,790.0,-61.11714196450439
575.0,800.0,-60.51981169499115
575.0,810.0,-60.16615993026347
575.0,820.0,-60.161182647545736
575.0,830.0,-60.6201424507764
575.0,840.0,-61.594384713184084
575.0,850.0,-63.007995774759806
575.0,860.0,-64.74018142892804
575.0,870.0,-66.68249092404659
575.0,880.0,-68.74231562171644
575.0,890.0,-70.8355224084074
575.0,900.0,-72.87778580517914
575.0,910.0,-74.77581445444686
575.0,920.0,-76.41857427051576
575.0,930.0,-77.66942369984345
575.0,940.0,-78.37237944773702
575.0,950.0,-78.45158834885954
585.0,690.0,-67.87624915475074
585.0,700.0,-67.93697192030767
585.0,710.0,-67.7803029150251
585.0,720.0,-67.37407356381534
585.0,730.0,-66.7668622551086
585.0,740.0,-66.015378972972
585.0,750.0,-65.16881903006575
585.0,760.0,-64.27177279766822
585.0,770.0,-63.367236349654746
585.0,780.0,-62.50008952737436
585.0,790.0,-61.721379083269426
585.0,800.0,-61.09366616499487
585.0,810.0,-60.69759727557988
585.0,820.0,-60.63972607992279
585.0,830.0,-61.060241433485366
585.0,840.0,-62.04757733251279
585.0,850.0,-63.479733451571896
585.0,860.0,-65.21910865936735
585.0,870.0,-67.15765660366284
585.0,880.0,-69.2064802303501
585.0,890.0,-71.2857471379056
585.0,900.0,-73.31518157710677
585.0,910.0,-75.20490838225648
585.0,920.0,-76.84627925913166
585.0,930.0,-78.1022028128576
585.0,940.0,-78.79650728749661
585.0,950.0,-78.81298045165443
595.0,690.0,-68.38734096704329
595.0,700.0,-68.47383419754215
595.0,710.0,-68.34172662645638
595.0,720.0,-67.96739943005217
595.0,730.0,-67.39077636908375
595.0,740.0,-66.66799599606473
595.0,750.0,-65.84984584324316
595.0,760.0,-64.9822481396029
595.0,770.0,-64.10867281019733
595.0,780.0,-63.273309636524075
595.0,790.0,-62.52527104730956
595.0,800.0,-61.92410831032145
595.0,810.0,-61.54678365643972
595.0,820.0,-61.495750816915674
595.0,830.0,-61.90114684026307
595.0,840.0,-62.834163247303195
595.0,850.0,-64.19254993696023
595.0,860.0,-65.8450899999823
595.0,870.0,-67.687155755272
595.0,880.0,-69.63326734741108
595.0,890.0,-71.60665472553106
595.0,900.0,-73.5293896071828
595.0,910.0,-75.31313061425348
595.0,920.0,-76.8502734892943
595.0,930.0,-78.00624334203144
595.0,940.0,-78.6260198884174
595.0,950.0,-78.6338878762628
605.0,690.0,-68.80422866042188
605.0,700.0,-68.90750608835526
605.0,710.0,-68.80183442295494
605.0,720.0,-68.47515032467771
605.0,730.0,-67.95527542972034
605.0,740.0,-67.29106535284416
605.0,750.0,-66.53358397476504
605.0,760.0,-65.73074939000249
605.0,770.0,-64.92754280466558
605.0,780.0,-64.16828700979522
605.0,790.0,-63.50040607284451
605.0,800.0,-62.97961517617341
605.0,810.0,-62.67599834641365
605.0,820.0,-62.677579917929116
605.0,830.0,-63.07615418047917
605.0,840.0,-63.908505315543145
605.0,850.0,-65.11487088815247
605.0,860.0,-66.59414181770752
605.0,870.0,-68.25239032890366
605.0,880.0,-70.00937543586265
605.0,890.0,-71.79147978014711
605.0,900.0,-73.52276827911155
605.0,910.0,-75.11678757857831
605.0,920.0,-76.47044177220599
605.0,930.0,-77.46441502874231
605.0,940.0,-77.9858909641479
605.0,950.0,-77.9906141923284
615.0,690.0,-69.14475431717987
615.0,700.0,-69.26756200393272
615.0,710.0,-69.19402495800871
615.0,720.0,-68.91868176492923
615.0,730.0,-68.46459291703142
615.0,740.0,-67.87462113790447
615.0,750.0,-67.19862775202449
615.0,760.0,-66.48594364819397
615.0,770.0,-65.7829689019994
615.0,780.0,-65.13379632742952
615.0,790.0,-64.58272766828944
615.0,800.0,-64.17802289621798
615.0,810.0,-63.97547141496099
615.0,820.0,-64.03742301676556
615.0,830.0,-64.41836503677287
615.0,840.0,-65.1353459170267
615.0,850.0,-66.15260569859855
615.0,860.0,-67.40249918552462
615.0,870.0,-68.8122628892556
615.0,880.0,-70.31337094806852
615.0,890.0,-71.83893255415228
615.0,900.0,-73.31765703056683
615.0,910.0,-74.66858074849893
615.0,920.0,-75.79936931792723
615.0,930.0,-76.61291996416938
615.0,940.0,-77.02919297085316
615.0,950.0,-77.01888043513264
625.0,690.0,-69.42408528492902
625.0,700.0,-69.5716772818212
625.0,710.0,-69.53334522848633
625.0,720.0,-69.30777074311385
625.0,730.0,-68.91767793997478
625.0,740.0,-68.40415817333164
625.0,750.0,-67.81693190696393
625.0,760.0,-67.20649936743811
625.0,770.0,-66.62003114276932
625.0,780.0,-66.10021688231572
625.0,790.0,-65.68594492124843
625.0,800.0,-65.41391391422052
625.0,810.0,-65.31996359055077
625.0,820.0,-65.43769188871131
625.0,830.0,-65.79136241078672
625.0,840.0,-66.38487230044157
625.0,850.0,-67.1969344398689
625.0,860.0,-68.18817350877693
625.0,870.0,-69.31133079842635
625.0,880.0,-70.51566387491803
625.0,890.0,-71.74583669168328
625.0,900.0,-72.939091387402
625.0,910.0,-74.0236779118092
625.0,920.0,-74.92097733917454
625.0,930.0,-75.55407008153921
625.0,940.0,-75.86408627439238
625.0,950.0,-75.828755943665
635.0,690.0,-69.64648323077232
635.0,700.0,-69.82276971129698
635.0,710.0,-69.81910194735894
635.0,720.0,-69.63682827160729
635.0,730.0,-69.30126312448562
635.0,740.0,-68.85579532984316
635.0,750.0,-68.35222459700735
635.0,760.0,-67.84261995559179
635.0,770.0,-67.37439541450314
635.0,780.0,-66.98782184442328
635.0,790.0,-66.71479881283929
635.0,800.0,-66.57818066916874
635.0,810.0,-66.59152819443807
635.0,820.0,-66.7595987239546
635.0,830.0,-67.07995580510425
635.0,840.0,-67.5453815845926
635.0,850.0,-68.14555668051194
635.0,860.0,-68.86643810275864
635.0,870.0,-69.68764900330099
635.0,880.0,-70.57963345743703
635.0,890.0,-71.50190718083986
635.0,900.0,-72.4028992126811
635.0,910.0,-73.22180106173545
635.0,920.0,-73.89328078860324
635.0,930.0,-74.3559840381466
635.0,940.0,-74.56423032751057
635.0,950.0,-74.49891880189077
645.0,690.0,-69.80413527540088
645.0,700.0,-70.01049136565634
645.0,710.0,-70.0372203573446
645.0,720.0,-69.88694013248933
645.0,730.0,-69.59024520782305
645.0,740.0,-69.19651098160696
645.0,750.0,-68.76163776772735
645.0,760.0,-68.33962175279423
645.0,770.0,-67.97781656753561
645.0,780.0,-67.7138505565702
645.0,790.0,-67.57277915039278
645.0,800.0,-67.5640614964627
645.0,810.0,-67.6793902499177
645.0,820.0,-67.8945546410085
645.0,830.0,-68.17955518914953
645.0,840.0,-68.51520909780695
645.0,850.0,-68.90241711323928
645.0,860.0,-69.35364762562244
645.0,870.0,-69.87651288031131
645.0,880.0,-70.46329999381076
645.0,890.0,-71.08877698823792
645.0,900.0,-71.7127627380429
645.0,910.0,-72.28491904712516
645.0,920.0,-72.75110404033977
645.0,930.0,-73.06124458380837
645.0,940.0,-73.17790949272076
645.0,950.0,-73.08327130307065
655.0,690.0,-69.8776862433279
655.0,700.0,-70.11242637601798
655.0,710.0,-70.16193928350933
655.0,720.0,-70.02815788726296
655.0,730.0,-69.7506038102742
655.0,740.0,-69.3878318145995
655.0,750.0,-69.00040532419344
655.0,760.0,-68.64369823494062
655.0,770.0,-68.3646574278873
655.0,780.0,-68.19886947707805
655.0,790.0,-68.16655217102
655.0,800.0,-68.26719516304107
655.0,810.0,-68.47420440567655
655.0,820.0,-68.73476468897212
655.0,830.0,-68.98612817598894
655.0,840.0,-69.19292082152737
655.0,850.0,-69.37131918478538
655.0,860.0,-69.56578579832814
655.0,870.0,-69.81231826038618
655.0,880.0,-70.12234874973689
655.0,890.0,-70.48307936056776
655.0,900.0,-70.86361322774383
655.0,910.0,-71.22219164008679
655.0,920.0,-71.51342259626996
655.0,930.0,-71.69535524620352
655.0,940.0,-71.73596139954418
655.0,950.0,-71.61793363142343
665.0,690.0,-69.83764583721899
665.0,700.0,-70.09455997535194
665.0,710.0,-70.15663637303717
665.0,720.0,-70.02166601685809
665.0,730.0,-69.74414187611579
665.0,740.0,-69.39240093741437
665.0,750.0,-69.02932659343689
665.0,760.0,-68.70992562630622
665.0,770.0,-68.4802151814651
665.0,780.0,-68.37473426939414
665.0,790.0,-68.41194171544355
665.0,800.0,-68.58712680144393
665.0,810.0,-68.86333370949
665.0,820.0,-69.16422741818953
665.0,830.0,-69.38645034454457
665.0,840.0,-69.46789599299346
665.0,850.0,-69.45050876605518
665.0,860.0,-69.41887980404319
665.0,870.0,-69.4329516041411
665.0,880.0,-69.5161561854972
665.0,890.0,-69.66290116266923
665.0,900.0,-69.84838980938108
665.0,910.0,-70.03731630177413
665.0,920.0,-70.19114935211863
665.0,930.0,-70.27420824530749
665.0,940.0,-70.25853231521515
665.0,950.0,-70.12734172939545
675.0,690.0,-69.65020329274316
675.0,700.0,-69.9118297455054
675.0,710.0,-69.97361113760084
675.0,720.0,-69.82473769829926
675.0,730.0,-69.53796145250956
675.0,740.0,-69.18418911947211
675.0,750.0,-68.82455369052317
675.0,760.0,-68.51196803480684
675.0,770.0,-68.29103994371026
675.0,780.0,-68.19599560137836
675.0,790.0,-68.24610470507531
675.0,800.0,-68.43803841268591
675.0,810.0,-68.73482652408617
675.0,820.0,-69.05199565630782
675.0,830.0,-69.24826109028709
675.0,840.0,-69.21331984041187
675.0,850.0,-69.03617314043294
675.0,860.0,-68.83903733925588
675.0,870.0,-68.69102776772337
675.0,880.0,-68.61804295540797
675.0,890.0,-68.61677808256512
675.0,900.0,-68.66616180097618
675.0,910.0,-68.73611920230692
675.0,920.0,-68.79417113450675
675.0,930.0,-68.8103405055936
675.0,940.0,-68.76060516233892
675.0,950.0,-68.6292555279259
685.0,690.0,-69.2984846974396
685.0,700.0,-69.52876966719072
685.0,710.0,-69.56956309518425
685.0,720.0,-69.41447925354886
685.0,730.0,-69.12300702189692
685.0,740.0,-68.76149302844951
685.0,750.0,-68.38764808643289
685.0,760.0,-68.05144136478505
685.0,770.0,-67.79553016433476
685.0,780.0,-67.65377132455943
685.0,790.0,-67.64715349760321
685.0,800.0,-67.77636467273622
685.0,810.0,-68.01026089813602
685.0,820.0,-68.2701675712058
685.0,830.0,-68.41222084863607
685.0,840.0,-68.30407575048346
685.0,850.0,-68.05508066008863
685.0,860.0,-67.78974171409311
685.0,870.0,-67.57307373893647
685.0,880.0,-67.4285656418854
685.0,890.0,-67.35340976512336
685.0,900.0,-67.32982671843706
685.0,910.0,-67.33308972735301
685.0,920.0,-67.33706341661362
685.0,930.0,-67.317892034966
685.0,940.0,-67.25624815041527
685.0,950.0,-67.13875695459443
695.0,690.0,-68.80937218208209
695.0,700.0,-68.98392195271407
695.0,710.0,-68.99005914083008
695.0,720.0,-68.82640979723377
695.0,730.0,-68.53075649276008
695.0,740.0,-68.15559731715953
695.0,750.0,-67.75145642002039
695.0,760.0,-67.36345840106796
695.0,770.0,-67.03102648345838
695.0,780.0,-66.78680304915937
695.0,790.0,-66.65340759032733
695.0,800.0,-66.63687654061084
695.0,810.0,-66.71568692095519
695.0,820.0,-66.82648880709094
695.0,830.0,-66.8627531742866
695.0,840.0,-66.74939681676106
695.0,850.0,-66.53554473445689
695.0,860.0,-66.30790758376358
695.0,870.0,-66.11877407322027
695.0,880.0,-65.98664830328102
695.0,890.0,-65.90881858051351
695.0,900.0,-65.87132833460102
695.0,910.0,-65.85564607833412
695.0,920.0,-65.84289424269889
695.0,930.0,-65.81631367066069
695.0,940.0,-65.76244321694958
695.0,950.0,-65.67163553426796
705.0,690.0,-68.24035067873898
705.0,700.0,-68.35245762470677
705.0,710.0,-68.31719228360382
705.0,720.0,-68.1340531190247
705.0,730.0,-67.82544500582377
705.0,740.0,-67.42714383649175
705.0,750.0,-66.97802872229606
705.0,760.0,-66.51540480889474
705.0,770.0,-66.07355194756173
705.0,780.0,-65.68279419844698
705.0,790.0,-65.36757866532797
705.0,800.0,-65.14237636174924
705.0,810.0,-65.00444496865629
705.0,820.0,-64.92540743730774
705.0,830.0,-64.85469382881261
705.0,840.0,-64.75406664038445
705.0,850.0,-64.63034083312799
705.0,860.0,-64.51364912866357
705.0,870.0,-64.42546665497183
705.0,880.0,-64.37172453328638
705.0,890.0,-64.34752233183187
705.0,900.0,-64.34257399437791
705.0,910.0,-64.34511654727639
705.0,920.0,-64.34435328583619
705.0,930.0,-64.33163290132688
705.0,940.0,-64.30048651035892
705.0,950.0,-64.24593627125215
715.0,690.0,-67.65255827460135
715.0,700.0,-67.70292577869341
715.0,710.0,-67.6239383399502
715.0,720.0,-67.4140305269637
715.0,730.0,-67.0838309064624
715.0,740.0,-66.65373072074242
715.0,750.0,-66.14948538976175
715.0,760.0,-65.59871267707348
715.0,770.0,-65.02909427180154
715.0,780.0,-64.46777526979321
715.0,790.0,-63.94130673125065
715.0,800.0,-63.47552274346865
715.0,810.0,-63.09440515994522
715.0,820.0,-62.816137691376646
715.0,830.0,-62.6451784165309
715.0,840.0,-62.566605611438845
715.0,850.0,-62.55376692758472
715.0,860.0,-62.581907697118965
715.0,870.0,-62.63309925330826
715.0,880.0,-62.69453859888892
715.0,890.0,-62.75648008220411
715.0,900.0,-62.811429482625634
715.0,910.0,-62.85419696226004
715.0,920.0,-62.8821983297241
715.0,930.0,-62.89538203176227
715.0,940.0,-62.895100678023674
715.0,950.0,-62.88181637272264
725.0,690.0,-67.10156413799595
725.0,700.0,-67.09530628568105
725.0,710.0,-66.97498179971808
725.0,720.0,-66.7372449539022
725.0,730.0,-66.38235822376775
725.0,740.0,-65.9173127277668
725.0,750.0,-65.35578574716112
725.0,760.0,-64.71590323366306
725.0,770.0,-64.01856857721904
725.0,780.0,-63.28740144288151
725.0,790.0,-62.550544404920835
725.0,800.0,-61.844564727389276
725.0,810.0,-61.22006807606062
725.0,820.0,-60.743943846717045
725.0,830.0,-60.4790030151283
725.0,840.0,-60.4302845603874
725.0,850.0,-60.53245101820738
725.0,860.0,-60.707260587079
725.0,870.0,-60.900107413390636
725.0,880.0,-61.08044491837819
725.0,890.0,-61.23344836907514
725.0,900.0,-61.353659641912124
725.0,910.0,-61.441530946848175
725.0,920.0,-61.501818489597035
725.0,930.0,-61.54263383242485
725.0,940.0,-61.57357532491297
725.0,950.0,-61.60123995915933
735.0,690.0,-66.63626643300904
735.0,700.0,-66.58234351469572
735.0,710.0,-66.42764693343814
735.0,720.0,-66.16706542345169
735.0,730.0,-65.79050773206818
735.0,740.0,-65.2941174671949
735.0,750.0,-64.68233512341078
735.0,760.0,-63.965767987822886
735.0,770.0,-63.1597487120811
735.0,780.0,-62.2848598174463
735.0,790.0,-61.37000429743222
735.0,800.0,-60.458713284922645
735.0,810.0,-59.61938665639357
735.0,820.0,-58.95758406909648
735.0,830.0,-58.6037418007342
735.0,840.0,-58.58820684674255
735.0,850.0,-58.78816464080794
735.0,860.0,-59.07803888229166
735.0,870.0,-59.37928487164486
735.0,880.0,-59.65022665660439
735.0,890.0,-59.87266227752729
735.0,900.0,-60.04253933217033
735.0,910.0,-60.16441440460059
735.0,920.0,-60.24852742898474
735.0,930.0,-60.30940936570027
735.0,940.0,-60.36445553185094
735.0,950.0,-60.427422991159034
745.0,690.0,-66.29833044238131
745.0,700.0,-66.21060065798943
745.0,710.0,-66.03235036691697
745.0,720.0,-65.75719088376495
745.0,730.0,-65.36516291484968
745.0,740.0,-64.8460279143706
745.0,750.0,-64.19873894708033
745.0,760.0,-63.42917077274039
745.0,770.0,-62.54920505062568
745.0,780.0,-61.57786982470581
745.0,790.0,-60.54512934506715
745.0,800.0,-59.49895218918208
745.0,810.0,-58.516262986483255
745.0,820.0,-57.71801116701308
745.0,830.0,-57.28465095939548
745.0,840.0,-57.278939649845924
745.0,850.0,-57.5154797603864
745.0,860.0,-57.84981371092612
745.0,870.0,-58.19429215770082
745.0,880.0,-58.501478653201424
745.0,890.0,-58.750661532028175
745.0,900.0,-58.93808974855081
745.0,910.0,-59.07055607675291
745.0,920.0,-59.16156848548051
745.0,930.0,-59.22937682113461
745.0,940.0,-59.29627738304071
745.0,950.0,-59.38398121896271
755.0,690.0,-66.11667771143797
755.0,700.0,-66.01770058231234
755.0,710.0,-65.82932772178536
755.0,720.0,-65.54465664053821
755.0,730.0,-65.14332729207452
755.0,740.0,-64.61290503964926
755.0,750.0,-63.94983940976316
755.0,760.0,-63.15787093485297
755.0,770.0,-62.24767884846391
755.0,780.0,-61.238540256312255
755.0,790.0,-60.16258496692615
755.0,800.0,-59.07209464710289
755.0,810.0,-58.04993094560765
755.0,820.0,-57.22126846893738
755.0,830.0,-56.74305183502342
755.0,840.0,-56.65869972987506
755.0,850.0,-56.828991911953
755.0,860.0,-57.11290986821182
755.0,870.0,-57.41843015144986
755.0,880.0,-57.69368171045461
755.0,890.0,-57.91514148780102
755.0,900.0,-58.07814738439313
755.0,910.0,-58.19011455184533
755.0,920.0,-58.26609213213437
755.0,930.0,-58.32613745224747
755.0,940.0,-58.39377232599688
755.0,950.0,-58.48944928357137
765.0,690.0,-66.09574679468273
765.0,700.0,-66.00729687594341
765.0,710.0,-65.82327937623316
765.0,720.0,-65.537145559588
765.0,730.0,-65.13532871213681
765.0,740.0,-64.60753823361553
765.0,750.0,-63.950656984740924
765.0,760.0,-63.16865376433832
765.0,770.0,-62.27275767001933
765.0,780.0,-61.283367946649044
765.0,790.0,-60.234267618538034
765.0,800.0,-59.179090652384154
765.0,810.0,-58.19842550090602
765.0,820.0,-57.40018146161674
765.0,830.0,-56.88909063613913
765.0,840.0,-56.68924467054412
765.0,850.0,-56.720390281264756
765.0,860.0,-56.87365762327184
765.0,870.0,-57.06457058896206
765.0,880.0,-57.24149784664895
765.0,890.0,-57.37971940653856
765.0,900.0,-57.4737168366282
765.0,910.0,-57.53074305626721
765.0,920.0,-57.56610218843429
765.0,930.0,-57.59972631068862
765.0,940.0,-57.65263220729751
765.0,950.0,-57.739843760189295
775.0,690.0,-66.21762970025664
775.0,700.0,-66.15478236487142
775.0,710.0,-65.98898157427965
775.0,720.0,-65.71486943318463
775.0,730.0,-65.32533256326217
775.0,740.0,-64.81565656061137
775.0,750.0,-64.18634062930867
775.0,760.0,-63.443754511664835
775.0,770.0,-62.60064955668745
775.0,780.0,-61.677913048680594
775.0,790.0,-60.70798048569979
775.0,800.0,-59.73922156265561
775.0,810.0,-58.838448421852824
775.0,820.0,-58.084408767067686
775.0,830.0,-57.54235476061163
775.0,840.0,-57.226943401886665
775.0,850.0,-57.09343943800597
775.0,860.0,-57.07021734137349
775.0,870.0,-57.092987048001056
775.0,880.0,-57.11872233517943
775.0,890.0,-57.125907934645255
775.0,900.0,-57.11003642545615
775.0,910.0,-57.078502434886836
775.0,920.0,-57.04610686081807
775.0,930.0,-57.03105283607086
775.0,940.0,-57.05057038253864
775.0,950.0,-57.11554984636745
785.0,690.0,-66.45385831584028
785.0,700.0,-66.4285137734398
785.0,710.0,-66.29262823479013
785.0,720.0,-66.04275964769681
785.0,730.0,-65.677866382383
785.0,740.0,-65.20026651459857
785.0,750.0,-64.61628951850469
785.0,760.0,-63.936264838671555
785.0,770.0,-63.17469178999262
785.0,780.0,-62.3513534817852
785.0,790.0,-61.49345883167925
785.0,800.0,-60.63790858355
785.0,810.0,-59.831254461904415
785.0,820.0,-59.123329238566505
785.0,830.0,-58.55216194550963
785.0,840.0,-58.127075731034495
785.0,850.0,-57.82531035083229
785.0,860.0,-57.60636650380733
785.0,870.0,-57.4305194667985
785.0,880.0,-57.26977497352171
785.0,890.0,-57.11060919270329
785.0,900.0,-56.952261733094936
785.0,910.0,-56.8034434560072
785.0,920.0,-56.6786399133007
785.0,930.0,-56.59418588701625
785.0,940.0,-56.56402276930649
785.0,950.0,-56.595642716221995
795.0,690.0,-66.76961162556829
795.0,700.0,-66.79090721223764
795.0,710.0,-66.69320804431663
795.0,720.0,-66.47557786339392
795.0,730.0,-66.143422837992
795.0,740.0,-65.70710196380327
795.0,750.0,-65.18014417361132
795.0,760.0,-64.57771872335996
795.0,770.0,-63.91586849863386
795.0,780.0,-63.21166504400677
795.0,790.0,-62.484052502679084
795.0,800.0,-61.75471551256894
795.0,810.0,-61.04778306062196
795.0,820.0,-60.38694048284429
795.0,830.0,-59.78969661486301
795.0,840.0,-59.26165757137841
795.0,850.0,-58.795545094891956
795.0,860.0,-58.376325741515096
795.0,870.0,-57.988678765944805
795.0,880.0,-57.62255904013165
795.0,890.0,-57.27558704177029
795.0,900.0,-56.95302725484173
795.0,910.0,-56.66630545856832
795.0,920.0,-56.430512582011495
795.0,930.0,-56.26101692326998
795.0,940.0,-56.169514752623556
795.0,950.0,-56.16055068040194
805.0,690.0,-67.12389847026229
805.0,700.0,-67.19786968639801
805.0,710.0,-67.14231878621742
805.0,720.0,-66.95930523590003
805.0,730.0,-66.6617460468747
805.0,740.0,-66.26930767433981
805.0,750.0,-65.80373797066255
805.0,760.0,-65.28547962741352
805.0,770.0,-64.73183781752368
805.0,780.0,-64.15619324648216
805.0,790.0,-63.56772576429483
805.0,800.0,-62.97141400708382
805.0,810.0,-62.36851377726294
805.0,820.0,-61.75805868175368
805.0,830.0,-61.139521445054044
805.0,840.0,-60.51533497163535
805.0,850.0,-59.89132715386326
805.0,860.0,-59.275133004711286
805.0,870.0,-58.6747236445517
805.0,880.0,-58.0984234499588
805.0,890.0,-57.555987835062055
805.0,900.0,-57.05968795791106
805.0,910.0,-56.6245885328122
805.0,920.0,-56.26748227035367
805.0,930.0,-56.004183360054476
805.0,940.0,-55.84552389726083
805.0,950.0,-55.79359828351934
815.0,690.0,-67.4688586001729
815.0,700.0,-67.59817840244554
815.0,710.0,-67.58397572964569
815.0,720.0,-67.43180108342598
815.0,730.0,-67.16400861607319
815.0,740.0,-66.81130811921584
815.0,750.0,-66.40443239472131
815.0,760.0,-65.9691206194898
815.0,770.0,-65.52370086608408
815.0,780.0,-65.07772077860982
815.0,790.0,-64.63073136612994
815.0,800.0,-64.17134849565107
815.0,810.0,-63.67807769151861
815.0,820.0,-63.12470890858543
815.0,830.0,-62.491759594067005
815.0,840.0,-61.77845093798919
815.0,850.0,-61.004502148699224
815.0,860.0,-60.200416026366746
815.0,870.0,-59.39658974435894
815.0,880.0,-58.61844312672928
815.0,890.0,-57.886810672105995
815.0,900.0,-57.220376534120184
815.0,910.0,-56.63784217871539
815.0,920.0,-56.158497897680874
815.0,930.0,-55.80026282132679
815.0,940.0,-55.57497416408363
815.0,950.0,-55.48301752560308
825.0,690.0,-67.74870173355536
825.0,700.0,-67.93260838118536
825.0,710.0,-67.95417966569364
825.0,720.0,-67.82320190448489
825.0,730.0,-67.57476839171775
825.0,740.0,-67.25258994851785
825.0,750.0,-66.89636062204067
825.0,760.0,-66.53640018975182
825.0,770.0,-66.19171410126245
825.0,780.0,-65.86859493121545
825.0,790.0,-65.55864559767454
825.0,800.0,-65.23645051419336
825.0,810.0,-64.85904539471696
825.0,820.0,-64.37276400026492
825.0,830.0,-63.7345329679429
825.0,840.0,-62.939791841925675
825.0,850.0,-62.02659687961137
825.0,860.0,-61.051099571987564
825.0,870.0,-60.064857346205656
825.0,880.0,-59.10733678775683
825.0,890.0,-58.20761639826095
825.0,900.0,-57.38882285908656
825.0,910.0,-56.672266689712345
825.0,920.0,-56.07985860921353
825.0,930.0,-55.633310257539115
825.0,940.0,-55.348178253298656
825.0,950.0,-55.224370815350056
835.0,690.0,-67.89839583024153
835.0,700.0,-68.13256661466968
835.0,710.0,-68.17999947701283
835.0,720.0,-68.0563231903817
835.0,730.0,-67.81471054226118
835.0,740.0,-67.51258353379045
835.0,750.0,-67.19664994812538
835.0,760.0,-66.90002507100135
835.0,770.0,-66.64178358817176
835.0,780.0,-66.42589936903028
835.0,790.0,-66.23878845070502
835.0,800.0,-66.0455262938083
835.0,810.0,-65.78617820326002
835.0,820.0,-65.37849948544581
835.0,830.0,-64.74625473989154
835.0,840.0,-63.87957285293522
835.0,850.0,-62.84489597358336
835.0,860.0,-61.727168829430234
835.0,870.0,-60.59503800797693
835.0,880.0,-59.49688502523759
835.0,890.0,-58.46616408392582
835.0,900.0,-57.527899376190994
835.0,910.0,-56.70433090428584
835.0,920.0,-56.01908755015909
835.0,930.0,-55.49861788070715
835.0,940.0,-55.16609385426044
835.0,950.0,-55.023195580258424
845.0,690.0,-67.84305564426634
845.0,700.0,-68.11798621068142
845.0,710.0,-68.1780872906345
845.0,720.0,-68.04869813686945
845.0,730.0,-67.80650687051492
845.0,740.0,-67.51828512512068
845.0,750.0,-67.23355357172736
845.0,760.0,-66.98596433822492
845.0,770.0,-66.7939937762238
845.0,780.0,-66.66009856227028
845.0,790.0,-66.56811957787113
845.0,800.0,-66.47887395964673
845.0,810.0,-66.32414782582256
845.0,820.0,-66.00087301498385
845.0,830.0,-65.38743299158838
845.0,840.0,-64.46489075739613
845.0,850.0,-63.34452463965325
845.0,860.0,-62.13498429689489
845.0,870.0,-60.91306287919274
845.0,880.0,-59.73029151730241
845.0,890.0,-58.62131747268107
845.0,900.0,-57.611292477296885
845.0,910.0,-56.72206168912129
845.0,920.0,-55.977278760062106
845.0,930.0,-55.406421481563505
845.0,940.0,-55.043796548353825
845.0,950.0,-54.89723190167756
855.0,690.0,-67.50573346804507
855.0,700.0,-67.79493005547637
855.0,710.0,-67.8561245342689
855.0,720.0,-67.72422898254575
855.0,730.0,-67.48813102209377
855.0,740.0,-67.21568262012283
855.0,750.0,-66.95616955921881
855.0,760.0,-66.74261842513707
855.0,770.0,-66.59260788284182
855.0,780.0,-66.50744853264399
855.0,790.0,-66.46961672789055
855.0,800.0,-66.43838733645505
855.0,810.0,-66.34370186522897
855.0,820.0,-66.07840462602883
855.0,830.0,-65.4939848471593
855.0,840.0,-64.56239067601621
855.0,850.0,-63.427427762065825
855.0,860.0,-62.20239685330765
855.0,870.0,-60.96510423200217
855.0,880.0,-59.76765792910135
855.0,890.0,-58.64503637610514
855.0,900.0,-57.622415085537746
855.0,910.0,-56.72134477358961
855.0,920.0,-55.964984736508235
855.0,930.0,-55.382674532664915
855.0,940.0,-55.01391607956455
855.0,950.0,-54.87373607941675
865.0,690.0,-66.84976186906593
865.0,700.0,-67.10458509513609
865.0,710.0,-67.16306756913026
865.0,720.0,-67.04870023643156
865.0,730.0,-66.83335891682373
865.0,740.0,-66.58205703793675
865.0,750.0,-66.34299000942482
865.0,760.0,-66.14826389439078
865.0,770.0,-66.01450772314135
865.0,780.0,-65.9420598411679
865.0,790.0,-65.91246279413706
865.0,800.0,-65.88424615045992
865.0,810.0,-65.78738606532922
865.0,820.0,-65.51924953245445
865.0,830.0,-64.9660682160452
865.0,840.0,-64.11025762382047
865.0,850.0,-63.05284761861102
865.0,860.0,-61.89977613504989
865.0,870.0,-60.72824065382123
865.0,880.0,-59.59083000864088
865.0,890.0,-58.523223858050414
865.0,900.0,-57.551287793023626
865.0,910.0,-56.69714045132671
865.0,920.0,-55.9842341226157
865.0,930.0,-55.441150173982926
865.0,940.0,-55.09928058828348
865.0,950.0,-54.96424273437835
875.0,690.0,-65.91434504766715
875.0,700.0,-66.11230154016071
875.0,710.0,-66.15369355348929
875.0,720.0,-66.05384987328196
875.0,730.0,-65.86172627273174
875.0,740.0,-65.63095226539419
875.0,750.0,-65.40498356177449
875.0,760.0,-65.21356826085766
875.0,770.0,-65.07203727789597
875.0,780.0,-64.98023922399403
875.0,790.0,-64.92028708959718
875.0,800.0,-64.8532935649947
875.0,810.0,-64.71681362700889
875.0,820.0,-64.42948695028264
875.0,830.0,-63.91931162079587
875.0,840.0,-63.175909076301444
875.0,850.0,-62.25889003271079
875.0,860.0,-61.24892283249113
875.0,870.0,-60.21430451919813
875.0,880.0,-59.20483450065946
875.0,890.0,-58.25563186555044
875.0,900.0,-57.39281575100731
875.0,910.0,-56.63876691339851
875.0,920.0,-56.01613943192219
875.0,930.0,-55.5491246593476
875.0,940.0,-55.25759528389494
875.0,950.0,-55.141555853095255
885.0,690.0,-64.7679227173444
885.0,700.0,-64.8979625166025
885.0,710.0,-64.90691774432747
885.0,720.0,-64.80526263264483
885.0,730.0,-64.62503188666858
885.0,740.0,-64.40544082255414
885.0,750.0,-64.18134089115532
885.0,760.0,-63.97791698594326
885.0,770.0,-63.80861344563116
885.0,780.0,-63.67372979812817
885.0,790.0,-63.55870788286174
885.0,800.0,-63.432468544282834
885.0,810.0,-63.247973205892876
885.0,820.0,-62.95001423160074
885.0,830.0,-62.49547718554042
885.0,840.0,-61.87793024002308
885.0,850.0,-61.13137375209103
885.0,860.0,-60.30922298364593
885.0,870.0,-59.46319257518372
885.0,880.0,-58.63471569789898
885.0,890.0,-57.85502910917346
885.0,900.0,-57.14844138848155
885.0,910.0,-56.53589294398643
885.0,920.0,-56.03728838608781
885.0,930.0,-55.671050166763365
885.0,940.0,-55.44922843186168
885.0,950.0,-55.36987465904937
895.0,690.0,-63.47488115893981
895.0,700.0,-63.5290888272789
895.0,710.0,-63.49254137622222
895.0,720.0,-63.37221354941255
895.0,730.0,-63.1880323558671
895.0,740.0,-62.96590662286334
895.0,750.0,-62.73064468051801
895.0,760.0,-62.50144298818334
895.0,770.0,-62.28951305824721
895.0,780.0,-62.09668551558581
895.0,790.0,-61.9143925445258
895.0,800.0,-61.72332312838233
895.0,810.0,-61.4951478153786
895.0,820.0,-61.19857463884342
895.0,830.0,-60.8104744119448
895.0,840.0,-60.32694582810073
895.0,850.0,-59.76532549564798
895.0,860.0,-59.15580231209537
895.0,870.0,-58.53092087163963
895.0,880.0,-57.91952764128393
895.0,890.0,-57.34542824438519
895.0,900.0,-56.8284965546079
895.0,910.0,-56.38627578213926
895.0,920.0,-56.034737178413906
895.0,930.0,-55.78719027055724
895.0,940.0,-55.651043824003004
895.0,950.0,-55.62407999269315
905.0,690.0,-62.09171967556627
905.0,700.0,-62.064297418620924
905.0,710.0,-61.97234933838152
905.0,720.0,-61.819960059345206
905.0,730.0,-61.61769065662794
905.0,740.0,-61.379953225276964
905.0,750.0,-61.121776583615606
905.0,760.0,-60.85610043244666
905.0,770.0,-60.591974712443516
905.0,780.0,-60.333572065183105
905.0,790.0,-60.079881589848405
905.0,800.0,-59.82512689376713
905.0,810.0,-59.560130101191625
905.0,820.0,-59.27481394380196
905.0,830.0,-58.96155664359644
905.0,840.0,-58.618250019935026
905.0,850.0,-58.24951788168812
905.0,860.0,-57.86556333871749
905.0,870.0,-57.47972886511804
905.0,880.0,-57.1063081908113
905.0,890.0,-56.75935169392177
905.0,900.0,-56.45231314197028
905.0,910.0,-56.19795990574387
905.0,920.0,-56.00790066204129
905.0,930.0,-55.89127019440666
905.0,940.0,-55.85266784035507
905.0,950.0,-55.890320159580305
915.0,690.0,-60.66888204881263
915.0,700.0,-60.556157605349384
915.0,710.0,-60.402478608885616
915.0,720.0,-60.20934102796142
915.0,730.0,-59.979189454712504
915.0,740.0,-59.71630075420905
915.0,750.0,-59.42686796425011
915.0,760.0,-59.11811389281797
915.0,770.0,-58.79728166989742
915.0,780.0,-58.471200235096184
915.0,790.0,-58.14666547289772
915.0,800.0,-57.83142586928359
915.0,810.0,-57.53490571160568
915.0,820.0,-57.26706433962428
915.0,830.0,-57.03447616489058
915.0,840.0,-56.83633147181487
915.0,850.0,-56.66521777531399
915.0,860.0,-56.512434804071766
915.0,870.0,-56.372693908355174
915.0,880.0,-56.245547247632
915.0,890.0,-56.134594632552734
915.0,900.0,-56.046047821529754
915.0,910.0,-55.98731950679833
915.0,920.0,-55.965644516155834
915.0,930.0,-55.98663613974252
915.0,940.0,-56.05294012835892
915.0,950.0,-56.16340634941367
925.0,690.0,-59.25304995405336
925.0,700.0,-59.053542223513254
925.0,710.0,-58.83542103653575
925.0,720.0,-58.59766588133349
925.0,730.0,-58.33463302260549
925.0,740.0,-58.041298313629746
925.0,750.0,-57.716318527312424
925.0,760.0,-57.362275936572225
925.0,770.0,-56.98511911789838
925.0,780.0,-56.594156061333436
925.0,790.0,-56.203060794636556
925.0,800.0,-55.83161332222224
925.0,810.0,-55.506667930695436
925.0,820.0,-55.258707248484086
925.0,830.0,-55.11007495108706
925.0,840.0,-55.06086045557372
925.0,850.0,-55.08939402406543
925.0,860.0,-55.16721661187937
925.0,870.0,-55.27136861523816
925.0,880.0,-55.38795886326548
925.0,890.0,-55.5109050139609
925.0,900.0,-55.63941860903322
925.0,910.0,-55.77561709569166
925.0,920.0,-55.92253521594108
925.0,930.0,-56.082579998521105
925.0,940.0,-56.25663821494654
925.0,950.0,-56.44400094881274
935.0,690.0,-57.88927148985184
935.0,700.0,-57.603741966259435
935.0,710.0,-57.32182890254095
935.0,720.0,-57.039655289449
935.0,730.0,-56.74229123884867
935.0,740.0,-56.416360488676254
935.0,750.0,-56.054898019376616
935.0,760.0,-55.65737012624519
935.0,770.0,-55.22907800041811
935.0,780.0,-54.78137570782616
935.0,790.0,-54.33310654468218
935.0,800.0,-53.91315254423499
935.0,810.0,-53.56295394857611
935.0,820.0,-53.334343013360076
935.0,830.0,-53.27061772785413
935.0,840.0,-53.372418212800234
935.0,850.0,-53.598008643722906
935.0,860.0,-53.8978791923732
935.0,870.0,-54.233922419918294
935.0,880.0,-54.581532058179505
935.0,890.0,-54.92663346075575
935.0,900.0,-55.26221787671045
935.0,910.0,-55.58542550990178
935.0,920.0,-55.89527333563322
935.0,930.0,-56.19102451398972
935.0,940.0,-56.47152603959646
935.0,950.0,-56.736007095978515
945.0,690.0,-56.62253838000825
945.0,700.0,-56.25458571340106
945.0,710.0,-55.91229418873715
945.0,720.0,-55.587630685850066
945.0,730.0,-55.25487343989992
945.0,740.0,-54.89497649650314
945.0,750.0,-54.49797256849634
945.0,760.0,-54.06187263114298
945.0,770.0,-53.592056191407806
945.0,780.0,-53.10164518976416
945.0,790.0,-52.61305171777634
945.0,800.0,-52.16077407486103
945.0,810.0,-51.795260885494386
945.0,820.0,-51.58605087259489
945.0,830.0,-51.6061544579896
945.0,840.0,-51.85645927565244
945.0,850.0,-52.26583837687722
945.0,860.0,-52.766902856287594
945.0,870.0,-53.311616267724474
945.0,880.0,-53.86791064623936
945.0,890.0,-54.415275704970476
945.0,900.0,-54.94104846715773
945.0,910.0,-55.437512207180816
945.0,920.0,-55.89968237902003
945.0,930.0,-56.32365832442855
945.0,940.0,-56.70576007822035
945.0,950.0,-57.044264468585375
955.0,690.0,-55.49577814906975
955.0,700.0,-55.05649933249298
955.0,710.0,-54.65780714841775
955.0,720.0,-54.287777435926046
955.0,730.0,-53.91494079093782
955.0,740.0,-53.51857359210747
955.0,750.0,-53.08764815748924
955.0,760.0,-52.619853921154665
955.0,770.0,-52.12130790272121
955.0,780.0,-51.60708211401841
955.0,790.0,-51.102659493014144
955.0,800.0,-50.646404035061074
955.0,810.0,-50.29309667062652
955.0,820.0,-50.1185529967254
955.0,830.0,-50.21972712391336
955.0,840.0,-50.59750597855734
955.0,850.0,-51.156666897867225
955.0,860.0,-51.82295701802471
955.0,870.0,-52.542747409296666
955.0,880.0,-53.27800340106778
955.0,890.0,-54.00213063689907
955.0,900.0,-54.69665199693402
955.0,910.0,-55.34863359733998
955.0,920.0,-55.948742180689415
955.0,930.0,-56.489796012529
955.0,940.0,-56.965669289898884
955.0,950.0,-57.37280311794001
965.0,690.0,-54.53378113075028
965.0,700.0,-54.04373117923205
965.0,710.0,-53.59047127337141
965.0,720.0,-53.16680038907694
965.0,730.0,-52.74756924123094
965.0,740.0,-52.312350147869864
965.0,750.0,-51.849869963442366
965.0,760.0,-51.35812995273497
965.0,770.0,-50.844541139193446
965.0,780.0,-50.32659454384307
965.0,790.0,-49.833187705178
965.0,800.0,-49.4066562434381
965.0,810.0,-49.10539679823259
965.0,820.0,-49.005490819039544
965.0,830.0,-49.18363281130097
965.0,840.0,-49.64053029052351
965.0,850.0,-50.30072695098211
965.0,860.0,-51.088816871481384
965.0,870.0,-51.94604454222782
965.0,880.0,-52.82809563868805
965.0,890.0,-53.70177476513451
965.0,900.0,-54.54217771417506
965.0,910.0,-55.33048964531105
965.0,920.0,-56.05236622066807
965.0,930.0,-56.69680734735576
965.0,940.0,-57.25561882867455
965.0,950.0,-57.72546287819296
975.0,690.0,-53.72978953267996
975.0,700.0,-53.199382739159354
975.0,710.0,-52.69845673088354
975.0,720.0,-52.223272128738856
975.0,730.0,-51.757448448248525
975.0,740.0,-51.28440605925474
975.0,750.0,-50.79427236332429
975.0,760.0,-50.286203425670635
975.0,770.0,-49.769401305562766
975.0,780.0,-49.26401245207961
975.0,790.0,-48.802173052752515
975.0,800.0,-48.42903227862567
975.0,810.0,-48.20270765659523
975.0,820.0,-48.18890330228297
975.0,830.0,-48.43884060434503
975.0,840.0,-48.952949879807896
975.0,850.0,-49.680576238316846
975.0,860.0,-50.55566847925252
975.0,870.0,-51.51815322681647
975.0,880.0,-52.518544699906194
975.0,890.0,-53.51718810360439
975.0,900.0,-54.48249187308413
975.0,910.0,-55.38930638789703
975.0,920.0,-56.21777351721077
975.0,930.0,-56.952766913598836
975.0,940.0,-57.58418494115052
975.0,950.0,-58.108502941679646
985.0,690.0,-53.06525041261582
985.0,700.0,-52.50062126047339
985.0,710.0,-51.96000643978889
985.0,720.0,-51.44174415355493
985.0,730.0,-50.93562304994599
985.0,740.0,-50.42991252946608
985.0,750.0,-49.917529583760015
985.0,760.0,-49.39961301283783
985.0,770.0,-48.88744769859483
985.0,780.0,-48.40358436389933
985.0,790.0,-47.98236478676695
985.0,800.0,-47.669404536176515
985.0,810.0,-47.51854296197777
985.0,820.0,-47.58310719126045
985.0,830.0,-47.89877657630926
985.0,840.0,-48.465687725865834
985.0,850.0,-49.24804902908518
985.0,860.0,-50.19122186769004
985.0,870.0,-51.2379478064732
985.0,880.0,-52.33610888257415
985.0,890.0,-53.440846733803674
985.0,900.0,-54.51438015791181
985.0,910.0,-55.52527074110645
985.0,920.0,-56.44794702285965
985.0,930.0,-57.262853538409836
985.0,940.0,-57.95731738834868
985.0,950.0,-58.52674154759447
995.0,690.0,-52.524187420830074
995.0,700.0,-51.930519394599344
995.0,710.0,-51.35793194050997
995.0,720.0,-50.80613423821224
995.0,730.0,-50.26868469714779
995.0,740.0,-49.73767813475669
995.0,750.0,-49.208882163715074
995.0,760.0,-48.685616192574884
995.0,770.0,-48.181156825655776
995.0,780.0,-47.71991645528096
995.0,790.0,-47.33738280791111
995.0,800.0,-47.07826094150319
995.0,810.0,-46.991646192341356
995.0,820.0,-47.121965454531136
995.0,830.0,-47.49648491709286
995.0,840.0,-48.11509456345722
995.0,850.0,-48.94987537269408
995.0,860.0,-49.95437115057348
995.0,870.0,-51.074973130811344
995.0,880.0,-52.25876895831669
995.0,890.0,-53.457252248577014
995.0,900.0,-54.62745552708421
995.0,910.0,-55.73209323001201
995.0,920.0,-56.73980807518024
995.0,930.0,-57.626091847628125
995.0,940.0,-58.37485162923286
995.0,950.0,-58.97987906443033
1005.0,690.0,-52.095710728958856
1005.0,700.0,-51.477667885029206
1005.0,710.0,-50.880263181772605
1005.0,720.0,-50.30405731985822
1005.0,730.0,-49.744485570522926
1005.0,740.0,-49.195795362305695
1005.0,750.0,-48.65569405056332
1005.0,760.0,-48.12920590597099
1005.0,770.0,-47.631171414908074
1005.0,780.0,-47.187327653347666
1005.0,790.0,-46.83381770255608
1005.0,800.0,-46.61459064075744
1005.0,810.0,-46.575900442039895
1005.0,820.0,-46.75765093520304
1005.0,830.0,-47.18329995257555
1005.0,840.0,-47.85256068588549
1005.0,850.0,-48.74099818121115
1005.0,860.0,-49.80635612862426
1005.0,870.0,-50.99735206203451
1005.0,880.0,-52.26083146258624
1005.0,890.0,-53.54586689338392
1005.0,900.0,-54.80544685631578
1005.0,910.0,-55.99708107018679
1005.0,920.0,-57.083566780168084
1005.0,930.0,-58.034722451076725
1005.0,940.0,-58.83007756766765
1005.0,950.0,-59.46139071215657
1015.0,690.0,-51.77428774341475
1015.0,700.0,-51.13606339557426
1015.0,710.0,-50.52038472495547
1015.0,720.0,-49.92813944114053
1015.0,730.0,-49.35492125272889
1015.0,740.0,-48.79529631908915
1015.0,750.0,-48.24761466195451
1015.0,760.0,-47.717810603754785
1015.0,770.0,-47.221734609739755
1015.0,780.0,-46.78604456709952
1015.0,790.0,-46.44754880151607
1015.0,800.0,-46.25050022117872
1015.0,810.0,-46.24109152016516
1015.0,820.0,-46.458913907525435
1015.0,830.0,-46.92706654639562
1015.0,840.0,-47.645110274729205
1015.0,850.0,-48.588834432472545
1015.0,860.0,-49.71645441902836
1015.0,870.0,-50.976968732105775
1015.0,880.0,-52.316812925647085
1015.0,890.0,-53.683571278919906
1015.0,900.0,-55.027384705286
1015.0,910.0,-56.3013650033441
1015.0,920.0,-57.46242234001366
1015.0,930.0,-58.473715822681214
1015.0,940.0,-59.30905620239912
1015.0,950.0,-59.95761239764578
1025.0,690.0,-51.55989961266213
1025.0,700.0,-50.90525881833176
1025.0,710.0,-50.27732315104828
1025.0,720.0,-49.67667453916209
1025.0,730.0,-49.097212635029926
1025.0,740.0,-48.53199621143691
1025.0,750.0,-47.97882789917885
1025.0,760.0,-47.4438757404214
1025.0,770.0,-46.9435529255923
1025.0,780.0,-46.50513671785069
1025.0,790.0,-46.166201836044245
1025.0,800.0,-45.972411084562395
1025.0,810.0,-45.97264428560211
1025.0,820.0,-46.210285106015725
1025.0,830.0,-46.711363352492555
1025.0,840.0,-47.47516243244994
1025.0,850.0,-48.474449544623944
1025.0,860.0,-49.66433565015616
1025.0,870.0,-50.99215877932187
1025.0,880.0,-52.40379269387019
1025.0,890.0,-53.84630942224111
1025.0,900.0,-55.26838295187456
1025.0,910.0,-56.619851559920875
1025.0,920.0,-57.851919167748825
1025.0,930.0,-58.91982413197758
1025.0,940.0,-59.78950564288876
1025.0,950.0,-60.44649916873934
1035.0,690.0,-51.45834286856493
1035.0,700.0,-50.79072493632242
1035.0,710.0,-50.1561586821989
1035.0,720.0,-49.55401354158698
1035.0,730.0,-48.974200200366
1035.0,740.0,-48.40672716050518
1035.0,750.0,-47.84828883977797
1035.0,760.0,-47.30512340433023
1035.0,770.0,-46.79405110024316
1035.0,780.0,-46.34271957425991
1035.0,790.0,-45.98927445552345
1035.0,800.0,-45.78113226068719
1035.0,810.0,-45.77169674672321
1035.0,820.0,-46.0122035537705
1035.0,830.0,-46.53572673697926
1035.0,840.0,-47.34082580972549
1035.0,850.0,-48.39296838257134
1035.0,860.0,-49.640730526204194
1035.0,870.0,-51.02868307186003
1035.0,880.0,-52.50256773998541
1035.0,890.0,-54.010152727822245
1035.0,900.0,-55.50023317559621
1035.0,910.0,-56.92098790022271
1035.0,920.0,-58.21882743709883
1035.0,930.0,-59.3399877342016
1035.0,940.0,-60.23910996954125
1035.0,950.0,-60.895914712314
1045.0,690.0,-51.481632859409785
1045.0,700.0,-50.804419203668225
1045.0,710.0,-50.16853943089879
1045.0,720.0,-49.57052813552766
1045.0,730.0,-48.993438563724766
1045.0,740.0,-48.4238431747196
1045.0,750.0,-47.85794412441618
1045.0,760.0,-47.30256960016983
1045.0,770.0,-46.77514873910745
1045.0,780.0,-46.30356491067672
1045.0,790.0,-45.92602073917768
1045.0,800.0,-45.690825375075086
1045.0,810.0,-45.65550963100992
1045.0,820.0,-45.88205025630321
1045.0,830.0,-46.41683538562363
1045.0,840.0,-47.25658145083236
1045.0,850.0,-48.353140195557344
1045.0,860.0,-49.6465364348672
1045.0,870.0,-51.079261984283306
1045.0,880.0,-52.598024956064066
1045.0,890.0,-54.15241464293599
1045.0,900.0,-55.692726257850005
1045.0,910.0,-57.167363507566805
1045.0,920.0,-58.52016242826478
1045.0,930.0,-59.68910203016391
1045.0,940.0,-60.61314049661296
1045.0,950.0,-61.261449891633866
1055.0,690.0,-51.64791210422795
1055.0,700.0,-50.96560289169786
1055.0,710.0,-50.333138983805185
1055.0,720.0,-49.74104000087786
1055.0,730.0,-49.16405377189204
1055.0,740.0,-48.587632827088996
1055.0,750.0,-48.009095047695546
1055.0,760.0,-47.43668936517868
1055.0,770.0,-46.88888201569613
1055.0,780.0,-46.39394692660417
1055.0,790.0,-45.98986639270228
1055.0,800.0,-45.724583223754884
1055.0,810.0,-45.65668126140752
1055.0,820.0,-45.856068903714004
1055.0,830.0,-46.390478359490515
1055.0,840.0,-47.25234602267834
1055.0,850.0,-48.37370271757792
1055.0,860.0,-49.689146879314954
1055.0,870.0,-51.14142624855746
1055.0,880.0,-52.6790084235605
1055.0,890.0,-54.253532408476964
1055.0,900.0,-55.81717178787202
1055.0,910.0,-57.319704653201555
1055.0,920.0,-58.70514590511774
1055.0,930.0,-59.90796107621606
1055.0,940.0,-60.85130627961511
1055.0,950.0,-61.48453536531512
1065.0,690.0,-51.97596234083356
1065.0,700.0,-51.301212034001836
1065.0,710.0,-50.67243631639281
1065.0,720.0,-50.07737703406296
1065.0,730.0,-49.489756548001374
1065.0,740.0,-48.89672540041737
1065.0,750.0,-48.297660769830586
1065.0,760.0,-47.702734614284644
1065.0,770.0,-47.131902849961754
1065.0,780.0,-46.61433164675666
1065.0,790.0,-46.188265742707166
1065.0,800.0,-45.9013741739757
1065.0,810.0,-45.811676199833634
1065.0,820.0,-45.98920051726737
1065.0,830.0,-46.50922293966343
1065.0,840.0,-47.3616158390602
1065.0,850.0,-48.47203432187858
1065.0,860.0,-49.77495707318561
1065.0,870.0,-51.213788587722114
1065.0,880.0,-52.73788552252334
1065.0,890.0,-54.299857190109506
1065.0,900.0,-55.852837543073285
1065.0,910.0,-57.347486152946814
1065.0,920.0,-58.72854134169343
1065.0,930.0,-59.93079704213517
1065.0,940.0,-60.87473491165776
1065.0,950.0,-61.50018779367495
1075.0,690.0,-52.461102142679685
1075.0,700.0,-51.81168623237207
1075.0,710.0,-51.183194560502955
1075.0,720.0,-50.57148031280057
1075.0,730.0,-49.95967333096098
1075.0,740.0,-49.33850856787959
1075.0,750.0,-48.71006370701494
1075.0,760.0,-48.0868897209269
1075.0,770.0,-47.490911804125915
1075.0,780.0,-46.95275609422719
1075.0,790.0,-46.5115721400384
1075.0,800.0,-46.215288870082105
1075.0,810.0,-46.12097828717711
1075.0,820.0,-46.29290437129072
1075.0,830.0,-46.7834704310784
1075.0,840.0,-47.58684972187153
1075.0,850.0,-48.64688562450352
1075.0,860.0,-49.90096718322696
1075.0,870.0,-51.292413684927766
1075.0,880.0,-52.77009970427527
1075.0,890.0,-54.28622348461435
1075.0,900.0,-55.79366685738216
1075.0,910.0,-57.24303158739954
1075.0,920.0,-58.57940299062033
1075.0,930.0,-59.739625500940704
1075.0,940.0,-60.65617672200804
1075.0,950.0,-61.29151554808378
1085.0,690.0,-53.064855377333004
1085.0,700.0,-52.44664650136416
1085.0,710.0,-51.821199861504944
1085.0,720.0,-51.189369349990855
1085.0,730.0,-50.54534107004898
1085.0,740.0,-49.88718514513825
1085.0,750.0,-49.221705385057405
1085.0,760.0,-48.564889701245946
1085.0,770.0,-47.94120508544343
1085.0,780.0,-47.38298763517261
1085.0,790.0,-46.93011652538036
1085.0,800.0,-46.6296347356346
1085.0,810.0,-46.534154702694615
1085.0,820.0,-46.695571092495484
1085.0,830.0,-47.14809216295228
1085.0,840.0,-47.88745031374403
1085.0,850.0,-48.87371070734331
1085.0,860.0,-50.05273976406444
1085.0,870.0,-51.36995204951188
1085.0,880.0,-52.77403582879788
1085.0,890.0,-54.216507297535586
1085.0,900.0,-55.649837655946335
1085.0,910.0,-57.025096812737104
1085.0,920.0,-58.28990746022293
1085.0,930.0,-59.3888061642925
1085.0,940.0,-60.27159354154441
1085.0,950.0,-60.914332412882004
1095.0,690.0,-53.739760567506714
1095.0,700.0,-53.15569797242333
1095.0,710.0,-52.536295164350726
1095.0,720.0,-51.885530835202864
1095.0,730.0,-51.20660617332807
1095.0,740.0,-50.50643900877799
1095.0,750.0,-49.79851767947012
1095.0,760.0,-49.103500341578346
1095.0,770.0,-48.44887420542141
1095.0,780.0,-47.86851514046087
1095.0,790.0,-47.402178539991894
1095.0,800.0,-47.094317261600025
1095.0,810.0,-46.990914009816926
1095.0,820.0,-47.13231991200428
1095.0,830.0,-47.541532444921565
1095.0,840.0,-48.214048427669404
1095.0,850.0,-49.11911034536544
1095.0,860.0,-50.210739091637265
1095.0,870.0,-51.43818962635457
1095.0,880.0,-52.75127137465878
1095.0,890.0,-54.10174435884442
1095.0,900.0,-55.442733182263844
1095.0,910.0,-56.727511308360015
1095.0,920.0,-57.90894266471112
1095.0,930.0,-58.941555672543494
1095.0,940.0,-59.788688941685415
1095.0,950.0,-60.433598299547825
1105.0,690.0,-54.439272661217
1105.0,700.0,-53.89181479753093
1105.0,710.0,-53.280759140565735
1105.0,720.0,-52.61255088544267
1105.0,730.0,-51.898160029778545
1105.0,740.0,-51.153624503755324
1105.0,750.0,-50.40014419009859
1105.0,760.0,-49.66377434274568
1105.0,770.0,-48.97511995191499
1105.0,780.0,-48.36912197903554
1105.0,790.0,-47.88455740865138
1105.0,800.0,-47.56247784286961
1105.0,810.0,-47.442559573133565
1105.0,820.0,-47.5566674154626
1105.0,830.0,-47.92074751448928
1105.0,840.0,-48.52910152696423
1105.0,850.0,-49.3552245785757
1105.0,860.0,-50.35846522239739
1105.0,870.0,-51.491755075841645
1105.0,880.0,-52.706950809306534
1105.0,890.0,-53.95731531255745
1105.0,900.0,-55.19811148216416
1105.0,910.0,-56.38651062950992
1105.0,920.0,-57.48201663600098
1105.0,930.0,-58.44863412480836
1105.0,940.0,-59.25942996767201
1105.0,950.0,-59.90193785204039
1115.0,690.0,-55.11669807739446
1115.0,700.0,-54.60827479751055
1115.0,710.0,-54.00711376845309
1115.0,720.0,-53.32213868766852
1115.0,730.0,-52.57214197269518
1115.0,740.0,-51.782655137342445
1115.0,750.0,-50.982968155195685
1115.0,760.0,-50.20453178112567
1115.0,770.0,-49.48061981238176
1115.0,780.0,-48.8465256493633
1115.0,790.0,-48.33943799890059
1115.0,800.0,-47.99709746111012
1115.0,810.0,-47.85440492248187
1115.0,820.0,-47.93778430629837
1115.0,830.0,-48.25873351979919
1115.0,840.0,-48.80975804413762
1115.0,850.0,-49.5653219522944
1115.0,860.0,-50.487142719111255
1115.0,870.0,-51.53064473493739
1115.0,880.0,-52.649961686661364
1115.0,890.0,-53.80080350942204
1115.0,900.0,-54.94175693156933
1115.0,910.0,-56.03493559863412
1115.0,920.0,-57.046809940842074
1115.0,930.0,-57.949752309580774
1115.0,940.0,-58.72424350989127
1115.0,950.0,-59.360844110014845
1125.0,690.0,-55.722410826677255
1125.0,700.0,-55.25557840198144
1125.0,710.0,-54.66519013077075
1125.0,720.0,-53.963298307401786
1125.0,730.0,-53.177990534649034
1125.0,740.0,-52.34520346595491
1125.0,750.0,-51.50223076319659
1125.0,760.0,-50.68514242125228
1125.0,770.0,-49.92883066671748
1125.0,780.0,-49.26796141819074
1125.0,790.0,-48.73760686715596
1125.0,800.0,-48.37263377256823
1125.0,810.0,-48.20500310966943
1125.0,820.0,-48.258535590503016
1125.0,830.0,-48.54234276230472
1125.0,840.0,-49.04665088616689
1125.0,850.0,-49.74434141672977
1125.0,860.0,-50.596919888791234
1125.0,870.0,-51.56095732503484
1125.0,880.0,-52.592720211275214
1125.0,890.0,-53.650873420326896
1125.0,900.0,-54.69796304768349
1125.0,910.0,-55.701402735783795
1125.0,920.0,-56.63440536588159
1125.0,930.0,-57.47684335322667
1125.0,940.0,-58.21555978695553
1125.0,950.0,-58.843776775389756
1135.0,690.0,-56.20068689019337
1135.0,700.0,-55.77817650640358
1135.0,710.0,-55.198919745689004
1135.0,720.0,-54.47977523771112
1135.0,730.0,-53.661363719276736
1135.0,740.0,-52.791167270042976
1135.0,750.0,-51.91355675879158
1135.0,760.0,-51.067567885823124
1135.0,770.0,-50.288133797941214
1135.0,780.0,-49.60808884534467
1135.0,790.0,-49.05974577616068
1135.0,800.0,-48.67534910865875
1135.0,810.0,-48.48553333024845
1135.0,820.0,-48.51439407820387
1135.0,830.0,-48.77091831361955
1135.0,840.0,-49.2424577150697
1135.0,850.0,-49.89778596122713
1135.0,860.0,-50.696098522870685
1135.0,870.0,-51.59420522187566
1135.0,880.0,-52.5504251422725
1135.0,890.0,-53.52660626648348
1135.0,900.0,-54.48938425220199
1135.0,910.0,-55.41124603459748
1135.0,920.0,-56.27154432984056
1135.0,930.0,-57.05703540265539
1135.0,940.0,-57.760812326044764
1135.0,950.0,-58.3790419517102
1145.0,690.0,-56.48632145897168
1145.0,700.0,-56.11083705117613
1145.0,710.0,-55.54279637658408
1145.0,720.0,-54.807699376421866
1145.0,730.0,-53.96381611354202
1145.0,740.0,-53.06989822865118
1145.0,750.0,-52.174813036495735
1145.0,760.0,-51.31813695140717
1145.0,770.0,-50.53312415268453
1145.0,780.0,-49.849659527386855
1145.0,790.0,-49.296602977136
1145.0,800.0,-48.903301643832485
1145.0,810.0,-48.69975715074684
1145.0,820.0,-48.71316837954451
1145.0,830.0,-48.95572000456566
1145.0,840.0,-49.41074656421526
1145.0,850.0,-50.0399509858512
1145.0,860.0,-50.799160637206725
1145.0,870.0,-51.6455056090811
1145.0,880.0,-52.53960836328752
1145.0,890.0,-53.446581118995155
1145.0,900.0,-54.33689863267424
1145.0,910.0,-55.187422058189206
1145.0,920.0,-55.98257134710939
1145.0,930.0,-56.71515742136298
1145.0,940.0,-57.385008514904555
1145.0,950.0,-57.99231630886832
1155.0,690.0,-56.501735536136934
1155.0,700.0,-56.17448904867068
1155.0,710.0,-55.618338406743156
1155.0,720.0,-54.87578891932812
1155.0,730.0,-54.02603461433123
1155.0,740.0,-53.134102899535016
1155.0,750.0,-52.24931410120111
1155.0,760.0,-51.4095416398114
1155.0,770.0,-50.64525557185127
1155.0,780.0,-49.982896385922515
1155.0,790.0,-49.447575888779966
1155.0,800.0,-49.06520326156844
1155.0,810.0,-48.86413459258178
1155.0,820.0,-48.875482663707345
1155.0,830.0,-49.11996064715038
1155.0,840.0,-49.574292335185476
1155.0,850.0,-50.19081318561632
1155.0,860.0,-50.923431046790846
1155.0,870.0,-51.73069972979633
1155.0,880.0,-52.57589467848866
1155.0,890.0,-53.42726643240165
1155.0,900.0,-54.25863223043134
1155.0,910.0,-55.05029963278264
1155.0,920.0,-55.79029000365274
1155.0,930.0,-56.47569903726025
1155.0,940.0,-57.112998935925496
1155.0,950.0,-57.708799369283334
1165.0,690.0,-56.16199183605808
1165.0,700.0,-55.87149008916918
1165.0,710.0,-55.336433026008024
1165.0,720.0,-54.61658563725823
1165.0,730.0,-53.798865014443265
1165.0,740.0,-52.94770014003828
1165.0,750.0,-52.110605620642055
1165.0,760.0,-51.323104805322195
1165.0,770.0,-50.612913979597124
1165.0,780.0,-50.00342026249908
1165.0,790.0,-49.516528164438895
1165.0,800.0,-49.17500935689716
1165.0,810.0,-49.004556974157325
1165.0,820.0,-49.035807466027094
1165.0,830.0,-49.29724215362222
1165.0,840.0,-49.75912082562073
1165.0,850.0,-50.36976405131067
1165.0,860.0,-51.08408482680865
1165.0,870.0,-51.862664153554235
1165.0,880.0,-52.671257585002884
1165.0,890.0,-53.480808795912935
1165.0,900.0,-54.26788135954955
1165.0,910.0,-55.01544866301374
1165.0,920.0,-55.71398945585472
1165.0,930.0,-56.362821288603115
1165.0,940.0,-56.9715821894987
1165.0,950.0,-57.553929163527
1175.0,690.0,-55.42362285332332
1175.0,700.0,-55.13605423490695
1175.0,710.0,-54.64895445028991
1175.0,720.0,-53.99955486740656
1175.0,730.0,-53.261157998763245
1175.0,740.0,-52.495201568125786
1175.0,750.0,-51.74722883459556
1175.0,760.0,-51.05070841275574
1175.0,770.0,-50.43112783065294
1175.0,780.0,-49.909553069842836
1175.0,790.0,-49.50559352040458
1175.0,800.0,-49.23984849355758
1175.0,810.0,-49.135831745101484
1175.0,820.0,-49.2199631467495
1175.0,830.0,-49.508300968393826
1175.0,840.0,-49.978631290439765
1175.0,850.0,-50.58645951968532
1175.0,860.0,-51.28876499472231
1175.0,870.0,-52.047910941468324
1175.0,880.0,-52.83162487554505
1175.0,890.0,-53.61297154793898
1175.0,900.0,-54.37067671974447
1175.0,910.0,-55.08979721028335
1175.0,920.0,-55.762670593492444
1175.0,930.0,-56.3899696467384
1175.0,940.0,-56.980704656985026
1175.0,950.0,-57.54277330494702
1185.0,690.0,-54.331644379205144
1185.0,700.0,-54.039811692738894
1185.0,710.0,-53.60615914923453
1185.0,720.0,-53.05218425250606
1185.0,730.0,-52.42837274088902
1185.0,740.0,-51.78563177049479
1185.0,750.0,-51.164557316707075
1185.0,760.0,-50.5954706803424
1185.0,770.0,-50.10135652379648
1185.0,780.0,-49.701084757957545
1185.0,790.0,-49.41219961321645
1185.0,800.0,-49.25299288774541
1185.0,810.0,-49.243237561966765
1185.0,820.0,-49.401279272059014
1185.0,830.0,-49.73350138218756
1185.0,840.0,-50.2231425471487
1185.0,850.0,-50.83625836259173
1185.0,860.0,-51.5351998498008
1185.0,870.0,-52.285156497282564
1185.0,880.0,-53.05590846591632
1185.0,890.0,-53.82231837593657
1185.0,900.0,-54.56474112938633
1185.0,910.0,-55.269603146084656
1185.0,920.0,-55.93006053031618
1185.0,930.0,-56.54620835383218
1185.0,940.0,-57.1230568791858
1185.0,950.0,-57.663396376113376
1195.0,690.0,-52.95863164835164
1195.0,700.0,-52.663087891917755
1195.0,710.0,-52.28309727439353
1195.0,720.0,-51.83169729746417
1195.0,730.0,-51.34096524905947
1195.0,740.0,-50.8473388961146
1195.0,750.0,-50.38241824296887
1195.0,760.0,-49.97082394354599
1195.0,770.0,-49.63159559585376
1195.0,780.0,-49.38057898807524
1195.0,790.0,-49.232596811760544
1195.0,800.0,-49.20273384927561
1195.0,810.0,-49.30592225078168
1195.0,820.0,-49.55356825959114
1195.0,830.0,-49.94708335515624
1195.0,840.0,-50.47299818728473
1195.0,850.0,-51.105503455694276
1195.0,860.0,-51.813586711761104
1195.0,870.0,-52.5665882195174
1195.0,880.0,-53.33690672576941
1195.0,890.0,-54.10117055856738
1195.0,900.0,-54.8408989153821
1195.0,910.0,-55.543034931393734
1195.0,920.0,-56.20027257621825
1195.0,930.0,-56.810630922950246
1195.0,940.0,-57.37526841063855
1195.0,950.0,-57.89432234561398
1205.0,690.0,-51.368408959281666
1205.0,700.0,-51.06996016745956
1205.0,710.0,-50.7433967570085
1205.0,720.0,-50.396519137860786
1205.0,730.0,-50.04770200139747
1205.0,740.0,-49.718969706327414
1205.0,750.0,-49.43049032773853
1205.0,760.0,-49.198632744953414
1205.0,770.0,-49.03655542222732
1205.0,780.0,-48.955735836236244
1205.0,790.0,-48.967327222267826
1205.0,800.0,-49.08262353007657
1205.0,810.0,-49.31204346084863
1205.0,820.0,-49.66228727113276
1205.0,830.0,-50.132425929003375
1205.0,840.0,-50.71142975933554
1205.0,850.0,-51.37934272969183
1205.0,860.0,-52.11115637893275
1205.0,870.0,-52.88073699686272
1205.0,880.0,-53.66346816275902
1205.0,890.0,-54.437753501255465
1205.0,900.0,-55.18589139939116
1205.0,910.0,-55.8946229626531
1205.0,920.0,-56.555330414787626
1205.0,930.0,-57.16356841762659
1205.0,940.0,-57.71756875009763
1205.0,950.0,-58.21603564431449
1215.0,690.0,-49.61518651707821
1215.0,700.0,-49.31380099043925
1215.0,710.0,-49.04051897649144
1215.0,720.0,-48.79923942050445
1215.0,730.0,-48.59730897399164
1215.0,740.0,-48.443178313299114
1215.0,750.0,-48.34445481426014
1215.0,760.0,-48.30740570091687
1215.0,770.0,-48.33760621420275
1215.0,780.0,-48.44092357086048
1215.0,790.0,-48.6241353249667
1215.0,800.0,-48.89470793369388
1215.0,810.0,-49.25946896382749
1215.0,820.0,-49.7222595068707
1215.0,830.0,-50.28131546984565
1215.0,840.0,-50.9277187791179
1215.0,850.0,-51.64588349480785
1215.0,860.0,-52.4157195693159
1215.0,870.0,-53.2152559969316
1215.0,880.0,-54.022801416451024
1215.0,890.0,-54.818416907973976
1215.0,900.0,-55.584860147494936
1215.0,910.0,-56.30818580553094
1215.0,920.0,-56.97804241338757
1215.0,930.0,-57.58755348325568
1215.0,940.0,-58.132681815699144
1215.0,950.0,-58.61128134058154
1225.0,690.0,-47.74780199971427
1225.0,700.0,-47.44239237451763
1225.0,710.0,-47.222490051829524
1225.0,720.0,-47.08844700929488
1225.0,730.0,-47.037474458975964
1225.0,740.0,-47.064653626472236
1225.0,750.0,-47.1642685752352
1225.0,760.0,-47.3312633547714
1225.0,770.0,-47.562492449588575
1225.0,780.0,-47.85745733040383
1225.0,790.0,-48.21832507664791
1225.0,800.0,-48.64912395171481
1225.0,810.0,-49.154134665918406
1225.0,820.0,-49.73573325898153
1225.0,830.0,-50.392281599653266
1225.0,840.0,-51.11685085253989
1225.0,850.0,-51.89727668717603
1225.0,860.0,-52.717380244675084
1225.0,870.0,-53.558703257287696
1225.0,880.0,-54.402137071496206
1225.0,890.0,-55.229164038901764
1225.0,900.0,-56.02272814807262
1225.0,910.0,-56.767872292221654
1225.0,920.0,-57.45225472167144
1225.0,930.0,-58.06656301393491
1225.0,940.0,-58.60476176445358
1225.0,950.0,-59.06411045908421
1235.0,690.0,-45.814438599982196
1235.0,700.0,-45.50283258849821
1235.0,710.0,-45.33678380747034
1235.0,720.0,-45.31276637240855
1235.0,730.0,-45.41724390819773
1235.0,740.0,-45.63107225032302
1235.0,750.0,-45.934277697095894
1235.0,760.0,-46.309691686009806
1235.0,770.0,-46.744956899224846
1235.0,780.0,-47.23308498476777
1235.0,790.0,-47.77191249030551
1235.0,800.0,-48.36273394142693
1235.0,810.0,-49.0083372425107
1235.0,820.0,-49.71074470541311
1235.0,830.0,-50.46913883363794
1235.0,840.0,-51.27853220424976
1235.0,850.0,-52.12951927870558
1235.0,860.0,-53.00898778632971
1235.0,870.0,-53.90131228989126
1235.0,880.0,-54.78954044585353
1235.0,890.0,-55.65631876364266
1235.0,900.0,-56.484566046424725
1235.0,910.0,-57.258067323433025
1235.0,920.0,-57.962209722604406
1235.0,930.0,-58.5850029703101
1235.0,940.0,-59.1182957808197
1235.0,950.0,-59.5587839016614
1245.0,690.0,-43.867491737941265
1245.0,700.0,-43.54645937304277
1245.0,710.0,-43.43526374808127
1245.0,720.0,-43.525469496618875
1245.0,730.0,-43.79064076371609
1245.0,740.0,-44.19537836668792
1245.0,750.0,-44.70426138020046
1245.0,760.0,-45.28766816253351
1245.0,770.0,-45.92424930572401
1245.0,780.0,-46.60106145184912
1245.0,790.0,-47.31235490769548
1245.0,800.0,-48.057619937210596
1245.0,810.0,-48.839202021489115
1245.0,820.0,-49.65973318432992
1245.0,830.0,-50.51977605649668
1245.0,840.0,-51.4162337130547
1245.0,850.0,-52.341900172121086
1245.0,860.0,-53.285992718624556
1245.0,870.0,-54.23510441764457
1245.0,880.0,-55.17406747265986
1245.0,890.0,-56.086523351198615
1245.0,900.0,-56.9552753020135
1245.0,910.0,-57.762687715784836
1245.0,920.0,-58.49151595100445
1245.0,930.0,-59.12652789742736
1245.0,940.0,-59.65690010519556
1245.0,950.0,-60.07856568196636
1255.0,690.0,-41.968721355580215
1255.0,700.0,-41.63402553283248
1255.0,710.0,-41.57936179741135
1255.0,720.0,-41.789342652571484
1255.0,730.0,-42.22054907686028
1255.0,740.0,-42.81820854137226
1255.0,750.0,-43.530404007268885
1255.0,760.0,-44.31550537778422
1255.0,770.0,-45.14423277761982
1255.0,780.0,-45.998837798774716
1255.0,790.0,-46.87105413472437
1255.0,800.0,-47.75957931066273
1255.0,810.0,-48.66730977303593
1255.0,820.0,-49.598366280785854
1255.0,830.0,-50.55518031376588
1255.0,840.0,-51.53641858769535
1255.0,850.0,-52.536460261549976
1255.0,860.0,-53.546132222739466
1255.0,870.0,-54.55371848975008
1255.0,880.0,-55.54559389096776
1255.0,890.0,-56.506394643311474
1255.0,900.0,-57.41892479651163
1255.0,910.0,-58.264152016223846
1255.0,920.0,-59.02185170661051
1255.0,930.0,-59.67265657119546
1255.0,940.0,-60.20194218726654
1255.0,950.0,-60.604357222228316
1265.0,690.0,-40.1948987631298
1265.0,700.0,-39.8413855612025
1265.0,710.0,-39.84571513051327
1265.0,720.0,-40.1816612100993
1265.0,730.0,-40.78207894849642
1265.0,740.0,-41.56930607062888
1265.0,750.0,-42.47509061723848
1265.0,760.0,-43.44760413304839
1265.0,770.0,-44.45161356555019
1265.0,780.0,-45.466145381857174
1265.0,790.0,-46.48154810854986
1265.0,800.0,-47.49657065678897
1265.0,810.0,-48.51543735868216
1265.0,820.0,-49.544550306633184
1265.0,830.0,-50.58868995977768
1265.0,840.0,-51.64799860707304
1265.0,850.0,-52.717601134653016
1265.0,860.0,-53.78916297291557
1265.0,870.0,-54.85223731881264
1265.0,880.0,-55.89465289101188
1265.0,890.0,-56.902220197487836
1265.0,900.0,-57.85811528840688
1265.0,910.0,-58.74228474099953
1265.0,920.0,-59.53147554071497
1265.0,930.0,-60.20113799236378
1265.0,940.0,-60.730926328448135
1265.0,950.0,-61.11311987163989
1275.0,690.0,-38.64411314359293
1275.0,700.0,-38.265984783174304
1275.0,710.0,-38.332435534171296
1275.0,720.0,-38.79861032471074
1275.0,730.0,-39.563841230198136
1275.0,740.0,-40.52619376023184
1275.0,750.0,-41.60418316988678
1275.0,760.0,-42.73926590734162
1275.0,770.0,-43.89281530265401
1275.0,780.0,-45.042204802207124
1275.0,790.0,-46.17721935757468
1275.0,800.0,-47.29701169725655
1275.0,810.0,-48.407389460023964
1275.0,820.0,-49.51763200756536
1275.0,830.0,-50.63548559453051
1275.0,840.0,-51.76200528306566
1275.0,850.0,-52.89181565951507
1275.0,860.0,-54.01667161660423
1275.0,870.0,-55.12715477521994
1275.0,880.0,-56.212567670376345
1275.0,890.0,-57.26013366000568
1275.0,900.0,-58.25391987860599
1275.0,910.0,-59.173650958918685
1275.0,920.0,-59.99377016666437
1275.0,930.0,-60.68404583516711
1275.0,940.0,-61.21558039034661
1275.0,950.0,-61.57605352963719
1285.0,690.0,-37.44236516662725
1285.0,700.0,-37.03448547321641
1285.0,710.0,-37.1656492343498
1285.0,720.0,-37.75606982363033
1285.0,730.0,-38.66327954752162
1285.0,740.0,-39.76743326110413
1285.0,750.0,-40.9804297482341
1285.0,760.0,-42.241036641858784
1285.0,770.0,-43.509329812916654
1285.0,780.0,-44.761958709230136
1285.0,790.0,-45.98834727769566
1285.0,800.0,-47.187734390252835
1285.0,810.0,-48.36688140277688
1285.0,820.0,-49.53783494665263
1285.0,830.0,-50.71232707621618
1285.0,840.0,-51.891297370269506
1285.0,850.0,-53.06725573515017
1285.0,860.0,-54.23177273825121
1285.0,870.0,-55.3764610476526
1285.0,880.0,-56.49205212294941
1285.0,890.0,-57.56721310353315
1285.0,900.0,-58.58722415521355
1285.0,910.0,-59.53246891024142
1285.0,920.0,-60.37673674333715
1285.0,930.0,-61.08573924178553
1285.0,940.0,-61.6195758368971
1285.0,950.0,-61.95665585567506
1295.0,690.0,-36.74410370444804
1295.0,700.0,-36.31191844267285
1295.0,710.0,-36.49997494685029
1295.0,720.0,-37.17490424245282
1295.0,730.0,-38.16899014679937
1295.0,740.0,-39.35810792196435
1295.0,750.0,-40.65284846711361
1295.0,760.0,-41.99110595161761
1295.0,770.0,-43.3321089878407
1295.0,780.0,-44.65166337361063
1295.0,790.0,-45.9384174504745
1295.0,800.0,-47.19099760412528
1295.0,810.0,-48.41589275218232
1295.0,820.0,-49.62599141125439
1295.0,830.0,-50.83734057643363
1295.0,840.0,-52.04941460233406
1295.0,850.0,-53.25242668255757
1295.0,860.0,-54.43834019542058
1295.0,870.0,-55.599682608022675
1295.0,880.0,-56.72821958788397
1295.0,890.0,-57.813651202107884
1295.0,900.0,-58.84222481542609
1295.0,910.0,-59.795166235851596
1295.0,920.0,-60.6468354771445
1295.0,930.0,-61.36251417557789
1295.0,940.0,-61.89580145485219
1295.0,950.0,-62.21047060129346
1305.0,690.0,-36.66940066133975
1305.0,700.0,-36.26903990994272
1305.0,710.0,-36.45564685036891
1305.0,720.0,-37.12793140213125
1305.0,730.0,-38.12770142303039
1305.0,740.0,-39.33039321479328
1305.0,750.0,-40.64509789434416
1305.0,760.0,-42.00798147323778
1305.0,770.0,-43.37652510333434
1305.0,780.0,-44.72487554412471
1305.0,790.0,-46.04018467316998
1305.0,800.0,-47.319795484409184
1305.0,810.0,-48.56913614278146
1305.0,820.0,-49.79999424161481
1305.0,830.0,-51.02552152312358
1305.0,840.0,-52.24610955479273
1305.0,850.0,-53.4534290599183
1305.0,860.0,-54.639710126324175
1305.0,870.0,-55.7977454977971
1305.0,880.0,-56.91960941944973
1305.0,890.0,-57.995315802509644
1305.0,900.0,-59.011396359498775
1305.0,910.0,-59.949316613800626
1305.0,920.0,-60.78365823571448
1305.0,930.0,-61.48012150165836
1305.0,940.0,-61.99542017809485
1305.0,950.0,-62.3026853192505
